ear,head_pose,mouth_ratio,label,source
0.115181,0.025182,0.002495,0,Bored
0.255983,0.041199,0.001807,0,Bored
0.251256,0.047678,0.001958,0,Bored
0.271177,0.042853,0.002167,0,Bored
0.270332,0.042421,0.001814,0,Bored
0.263176,0.039922,0.00191,0,Bored
0.255238,0.039755,0.001301,0,Bored
0.220788,0.04282,0.001091,0,Bored
0.123552,0.036907,0.000185,0,Bored
0.063743,0.036497,0.001109,0,Bored
0.207471,0.1083,0.009839,0,Bored
0.220042,0.097442,0.004457,0,Bored
0.207999,0.025215,0.00028,0,Bored
0.174581,0.020295,0.002891,0,Bored
0.18219,0.02216,0.00361,0,Bored
0.198238,0.02151,0.00388,0,Bored
0.202502,0.012839,0.002993,0,Bored
0.192794,0.02126,0.002821,0,Bored
0.175701,0.009847,0.003674,0,Bored
0.098981,0.044763,0.003253,0,Bored
0.124532,0.084194,0.0031,0,Bored
0.102437,0.036462,0.006454,0,Bored
0.088001,0.035975,0.002409,0,Bored
0.066651,0.035202,0.004456,0,Bored
0.048684,0.034189,0.000302,0,Bored
0.043277,0.035498,0.001534,0,Bored
0.052589,0.030715,0.000887,0,Bored
0.033699,0.026579,0.006158,0,Bored
0.093906,0.02093,0.003449,0,Bored
0.058726,0.029675,0.000545,0,Bored
0.262974,0.019916,0.023538,0,Bored
0.25233,0.015481,0.026266,0,Bored
0.263784,0.014273,0.02746,0,Bored
0.258671,0.013439,0.025253,0,Bored
0.261422,0.024795,0.031905,0,Bored
0.250435,0.01764,0.023534,0,Bored
0.265551,0.016766,0.016854,0,Bored
0.27124,0.000242,0.022614,0,Bored
0.266428,0.005638,0.029564,0,Bored
0.265826,0.005665,0.037545,0,Bored
0.273143,0.008269,0.025678,0,Bored
0.177814,0.032037,0.009233,0,Bored
0.117438,0.033612,0.011037,0,Bored
0.043288,0.01608,0.001218,0,Bored
0.051712,0.015021,0.001052,0,Bored
0.048141,0.001705,0.002043,0,Bored
0.064374,0.004189,0.001846,0,Bored
0.063339,0.01138,0.002594,0,Bored
0.232496,0.044232,0.002749,0,Bored
0.247513,0.038017,0.004053,0,Bored
0.227394,0.039496,8.9e-05,0,Bored
0.237375,0.03171,0.002774,0,Bored
0.215726,0.012995,0.014745,0,Bored
0.126688,0.008417,0.01409,0,Bored
0.121281,0.00798,0.013087,0,Bored
0.166955,0.023314,0.025195,0,Bored
0.19405,0.008905,0.033803,0,Bored
0.233813,0.000888,0.050101,0,Bored
0.235377,0.00057,0.038755,0,Bored
0.226385,0.005184,0.021114,0,Bored
0.230024,0.010031,0.034866,0,Bored
0.197735,0.005276,0.019637,0,Bored
0.095064,0.009415,0.016507,0,Bored
0.084802,0.004613,0.011096,0,Bored
0.184618,0.014115,0.058702,0,Bored
0.212667,0.026672,0.023693,0,Bored
0.249957,0.030063,0.016321,0,Bored
0.038471,0.030841,0.002507,0,Bored
0.040744,0.033173,0.00083,0,Bored
0.035685,0.033768,0.003657,0,Bored
0.036438,0.037159,0.001703,0,Bored
0.036381,0.038246,0.001355,0,Bored
0.037795,0.036952,0.004075,0,Bored
0.030458,0.037449,0.003601,0,Bored
0.039922,0.039778,0.004597,0,Bored
0.033809,0.033409,0.000939,0,Bored
0.226021,0.00112,0.010229,0,Bored
0.229263,0.004013,0.013911,0,Bored
0.239914,0.013068,0.008798,0,Bored
0.241716,0.010403,0.009126,0,Bored
0.235356,0.012782,0.009831,0,Bored
0.240863,0.009296,0.008991,0,Bored
0.243088,0.021398,0.009466,0,Bored
0.24241,0.019214,0.010825,0,Bored
0.227505,0.020147,0.008404,0,Bored
0.227339,0.01205,0.004742,0,Bored
0.215957,0.01295,0.006786,0,Bored
0.219962,0.013898,0.004628,0,Bored
0.217506,0.015332,0.003393,0,Bored
0.22238,0.017119,0.002309,0,Bored
0.214731,0.018421,0.000567,0,Bored
0.216497,0.015246,0.002114,0,Bored
0.220404,0.014959,0.003277,0,Bored
0.223749,0.018545,0.003017,0,Bored
0.231556,0.000973,0.001864,0,Bored
0.222006,0.010041,0.002413,0,Bored
0.219307,0.00632,0.002541,0,Bored
0.218829,0.013057,0.003694,0,Bored
0.216003,0.00207,0.003828,0,Bored
0.215764,0.00373,0.002416,0,Bored
0.225658,0.010836,0.002395,0,Bored
0.209696,0.004394,0.00296,0,Bored
0.198743,0.005192,0.056874,0,Bored
0.198153,0.006858,0.051529,0,Bored
0.21181,0.006715,0.029536,0,Bored
0.216209,0.000778,0.014971,0,Bored
0.211547,0.004771,0.009497,0,Bored
0.221893,0.001371,0.012946,0,Bored
0.209397,0.001117,0.013266,0,Bored
0.207526,0.002491,0.011341,0,Bored
0.2022,0.003881,0.011288,0,Bored
0.195591,2.6e-05,0.010668,0,Bored
0.200077,0.001889,0.011663,0,Bored
0.203628,0.002409,0.011612,0,Bored
0.190315,0.000679,0.013871,0,Bored
0.183885,0.000303,0.007895,0,Bored
0.184281,0.005718,0.008782,0,Bored
0.194582,0.000104,0.00906,0,Bored
0.188399,0.003987,0.006908,0,Bored
0.18817,0.004902,0.008538,0,Bored
0.168999,0.006001,0.010453,0,Bored
0.192967,0.001734,0.007392,0,Bored
0.189218,0.002365,0.016394,0,Bored
0.199922,0.002161,0.007739,0,Bored
0.198076,0.002893,0.009518,0,Bored
0.203262,0.003108,0.008255,0,Bored
0.20128,0.005312,0.009698,0,Bored
0.197113,0.001453,0.015577,0,Bored
0.196122,0.001457,0.013274,0,Bored
0.196857,0.003324,0.010902,0,Bored
0.193927,0.006067,0.007395,0,Bored
0.190546,0.006466,0.011897,0,Bored
0.169118,0.000459,0.011929,0,Bored
0.090335,0.001797,0.01108,0,Bored
0.061841,0.001874,0.014054,0,Bored
0.069573,0.00039,0.012227,0,Bored
0.06466,0.005515,0.011793,0,Bored
0.099454,0.004273,0.022162,0,Bored
0.097203,0.002067,0.012925,0,Bored
0.087742,0.00845,0.013158,0,Bored
0.209118,0.006745,0.011396,0,Bored
0.24393,0.014576,0.010054,0,Bored
0.24657,0.021571,0.013805,0,Bored
0.085686,0.026808,0.013889,0,Bored
0.101939,0.028268,0.012845,0,Bored
0.156322,0.027557,0.008525,0,Bored
0.097945,0.078952,0.032629,0,Bored
0.099054,0.101394,0.027002,0,Bored
0.116149,0.086977,0.026609,0,Bored
0.104022,0.082447,0.017594,0,Bored
0.154697,0.07125,0.016647,0,Bored
0.127205,0.066272,0.009088,0,Bored
0.173626,0.064002,0.010074,0,Bored
0.168405,0.053348,0.002211,0,Bored
0.201886,0.0525,0.001353,0,Bored
0.196934,0.069092,0.004084,0,Bored
0.196317,0.06984,0.001817,0,Bored
0.255963,0.05277,0.004716,0,Bored
0.261764,0.048378,0.004226,0,Bored
0.251702,0.060476,0.002533,0,Bored
0.240962,0.054428,0.003164,0,Bored
0.170895,0.000308,0.017446,0,Bored
0.159543,0.028859,0.014932,0,Bored
0.132405,0.007555,0.013396,0,Bored
0.117755,0.006127,0.006482,0,Bored
0.099867,0.002093,0.009519,0,Bored
0.354507,0.04167,0.005279,0,Bored
0.337778,0.043475,0.009299,0,Bored
0.336508,0.055755,0.003994,0,Bored
0.34524,0.046058,0.002723,0,Bored
0.33367,0.037013,0.001761,0,Bored
0.297317,0.044432,0.003176,0,Bored
0.328497,0.036782,0.003,0,Bored
0.322091,0.041261,0.002293,0,Bored
0.305219,0.046725,0.00382,0,Bored
0.302419,0.043146,0.002555,0,Bored
0.287042,0.043467,0.001538,0,Bored
0.317821,0.041434,0.000687,0,Bored
0.297302,0.034792,0.003402,0,Bored
0.273288,0.032328,0.002661,0,Bored
0.293279,0.031295,0.001531,0,Bored
0.279675,0.032955,0.000782,0,Bored
0.266302,0.026516,0.000979,0,Bored
0.277372,0.030824,0.004651,0,Bored
0.205508,0.030577,0.024834,0,Bored
0.194151,0.021611,0.00532,0,Bored
0.191394,0.031434,0.007465,0,Bored
0.19825,0.024512,0.009272,0,Bored
0.211359,0.030161,0.007275,0,Bored
0.225826,0.038423,0.007914,0,Bored
0.213651,0.034057,0.005801,0,Bored
0.174433,0.028843,0.005463,0,Bored
0.185651,0.032173,0.004264,0,Bored
0.183012,0.031794,0.004279,0,Bored
0.176039,0.036024,0.004904,0,Bored
0.171688,0.035626,0.007874,0,Bored
0.136436,0.030624,0.011953,0,Bored
0.04269,0.046234,0.002108,0,Bored
0.045486,0.046335,0.001623,0,Bored
0.049737,0.051195,0.002109,0,Bored
0.033581,0.04817,0.0028,0,Bored
0.03081,0.04923,0.002739,0,Bored
0.03823,0.046651,0.001199,0,Bored
0.050374,0.043405,0.001314,0,Bored
0.055847,0.04531,0.00085,0,Bored
0.045301,0.047355,0.000673,0,Bored
0.034506,0.050071,0.002215,0,Bored
0.027041,0.044661,0.00145,0,Bored
0.04861,0.048377,0.00138,0,Bored
0.045543,0.048756,0.00382,0,Bored
0.037851,0.050188,0.001245,0,Bored
0.037281,0.048289,0.002109,0,Bored
0.049392,0.042297,0.000518,0,Bored
0.040116,0.03925,0.000799,0,Bored
0.29037,0.036632,0.001299,0,Bored
0.30192,0.034838,0.002068,0,Bored
0.29145,0.035762,0.001861,0,Bored
0.291815,0.037106,0.000824,0,Bored
0.282365,0.034095,0.000971,0,Bored
0.292122,0.035423,0.003977,0,Bored
0.308469,0.035655,0.003006,0,Bored
0.304996,0.038947,2.6e-05,0,Bored
0.286517,0.036519,0.002278,0,Bored
0.276135,0.035027,0.001249,0,Bored
0.292575,0.033208,0.003578,0,Bored
0.273375,0.034581,0.001793,0,Bored
0.28618,0.035604,0.004596,0,Bored
0.292917,0.037797,0.00268,0,Bored
0.293578,0.029822,0.00207,0,Bored
0.227025,0.034318,0.000306,0,Bored
0.074794,0.032584,0.004292,0,Bored
0.083453,0.037688,0.00632,0,Bored
0.072676,0.032493,0.005149,0,Bored
0.196392,0.044451,0.00453,0,Bored
0.188014,0.045352,0.003653,0,Bored
0.195306,0.042788,0.003322,0,Bored
0.18584,0.048251,0.002888,0,Bored
0.172092,0.045522,0.001898,0,Bored
0.19415,0.0466,0.007935,0,Bored
0.221808,0.04816,0.005495,0,Bored
0.228694,0.045902,0.005183,0,Bored
0.213393,0.04439,0.003776,0,Bored
0.215501,0.048104,0.003497,0,Bored
0.22864,0.052228,0.003802,0,Bored
0.238383,0.04825,0.005677,0,Bored
0.220424,0.049724,0.004163,0,Bored
0.224055,0.046401,0.004312,0,Bored
0.228041,0.046706,0.005747,0,Bored
0.219491,0.050359,0.011139,0,Bored
0.216126,0.045628,0.005135,0,Bored
0.222228,0.055161,0.006466,0,Bored
0.199991,0.053185,0.003778,0,Bored
0.223823,0.05116,0.001758,0,Bored
0.224439,0.044288,0.001597,0,Bored
0.230992,0.045167,0.002246,0,Bored
0.247249,0.04908,0.00466,0,Bored
0.255671,0.042576,0.002673,0,Bored
0.244361,0.047041,0.00357,0,Bored
0.240753,0.04581,0.006656,0,Bored
0.236719,0.040462,0.015717,0,Bored
0.314927,0.047869,0.004425,0,Bored
0.319388,0.044157,0.006182,0,Bored
0.296058,0.052879,0.007193,0,Bored
0.256407,0.05479,0.006672,0,Bored
0.28224,0.038885,0.011336,0,Bored
0.300399,0.046535,0.004272,0,Bored
0.302515,0.045651,0.011567,0,Bored
0.32789,0.050879,0.014141,0,Bored
0.32263,0.042492,0.0079,0,Bored
0.319343,0.040233,0.013432,0,Bored
0.320548,0.038102,0.009367,0,Bored
0.31849,0.044444,0.004549,0,Bored
0.317192,0.044339,0.00536,0,Bored
0.314979,0.043205,0.004793,0,Bored
0.32293,0.049131,0.008074,0,Bored
0.333722,0.057265,0.010991,0,Bored
0.321018,0.050469,0.011299,0,Bored
0.327639,0.051447,0.015645,0,Bored
0.324112,0.048925,0.01153,0,Bored
0.319361,0.047171,0.008753,0,Bored
0.329375,0.052639,0.002975,0,Bored
0.326322,0.048655,0.008204,0,Bored
0.324215,0.046855,0.006695,0,Bored
0.334578,0.045286,0.01215,0,Bored
0.322614,0.033402,0.009571,0,Bored
0.324569,0.039747,0.009449,0,Bored
0.319851,0.037932,0.00626,0,Bored
0.313407,0.037204,0.001489,0,Bored
0.325099,0.036741,0.009573,0,Bored
0.312169,0.033386,0.009058,0,Bored
0.321479,0.031691,0.003736,0,Bored
0.322555,0.037591,0.003948,0,Bored
0.315327,0.032056,0.019619,0,Bored
0.321103,0.038012,0.007529,0,Bored
0.312781,0.037763,0.004788,0,Bored
0.316083,0.037243,0.007804,0,Bored
0.32183,0.037591,0.007646,0,Bored
0.32464,0.032099,0.010614,0,Bored
0.318248,0.038564,0.003549,0,Bored
0.32178,0.040709,0.00728,0,Bored
0.311745,0.033183,0.006295,0,Bored
0.314751,0.039629,0.002741,0,Bored
0.320186,0.034068,0.001203,0,Bored
0.322464,0.036856,0.002006,0,Bored
0.322875,0.040594,0.006064,0,Bored
0.319275,0.036956,0.001186,0,Bored
0.299558,0.043501,0.002842,0,Bored
0.125035,0.031235,0.002969,0,Bored
0.09541,0.033756,0.0097,0,Bored
0.078891,0.045088,0.007042,0,Bored
0.122936,0.048736,0.0098,0,Bored
0.151138,0.041738,0.008101,0,Bored
0.150394,0.040457,0.006854,0,Bored
0.180855,0.032848,0.002826,0,Bored
0.166727,0.024118,0.000735,0,Bored
0.150795,0.023089,0.004218,0,Bored
0.060147,0.020107,0.006595,0,Bored
0.025368,0.029848,0.006006,0,Bored
0.029256,0.029151,0.008886,0,Bored
0.03005,0.021951,0.008365,0,Bored
0.096833,0.087719,0.003746,0,Bored
0.076852,0.105908,0.005719,0,Bored
0.146107,0.11002,0.010214,0,Bored
0.162311,0.102201,0.008811,0,Bored
0.234798,0.106785,0.031666,0,Bored
0.156563,0.114579,0.014566,0,Bored
0.146056,0.061136,0.001014,0,Bored
0.032361,0.017295,0.005355,0,Bored
0.043543,0.015877,0.002969,0,Bored
0.041103,0.014085,0.003717,0,Bored
0.032095,0.003779,0.006464,0,Bored
0.035338,0.011086,0.003565,0,Bored
0.051145,0.005468,0.003997,0,Bored
0.063213,0.004529,0.000255,0,Bored
0.160673,0.011724,0.003023,0,Bored
0.212073,0.002919,0.00089,0,Bored
0.234297,0.008717,0.00602,0,Bored
0.238087,0.005949,0.003673,0,Bored
0.248666,0.004335,0.000754,0,Bored
0.246612,0.011257,0.006692,0,Bored
0.246266,0.021208,0.009515,0,Bored
0.242553,0.021969,0.006181,0,Bored
0.256358,0.023675,0.008235,0,Bored
0.248607,0.031527,0.004961,0,Bored
0.260308,0.035778,0.013609,0,Bored
0.31268,0.047958,0.01091,0,Bored
0.318579,0.0399,0.005568,0,Bored
0.334372,0.03597,0.032734,0,Bored
0.309774,0.038968,0.006874,0,Bored
0.318867,0.035974,0.005583,0,Bored
0.330237,0.018119,0.008138,0,Bored
0.2194,0.044786,8.5e-05,0,Drowsy
0.123552,0.036907,0.000185,0,Drowsy
0.060328,0.035064,0.002153,0,Drowsy
0.068088,0.011737,0.000219,0,Drowsy
0.153172,0.011446,0.001247,0,Drowsy
0.254378,0.007664,0.005442,0,Drowsy
0.244853,0.006615,0.003268,0,Drowsy
0.042168,0.020284,0.004197,0,Drowsy
0.04711,0.021351,0.001474,0,Drowsy
0.044789,0.022861,0.004104,0,Drowsy
0.073047,0.024218,0.00573,0,Drowsy
0.085081,0.026291,0.004046,0,Drowsy
0.092622,0.027635,0.005083,0,Drowsy
0.080127,0.030066,0.004237,0,Drowsy
0.104617,0.030827,0.004228,0,Drowsy
0.099906,0.030927,0.005412,0,Drowsy
0.153833,0.034566,0.002397,0,Drowsy
0.163691,0.036747,0.003663,0,Drowsy
0.05888,0.011137,0.004691,0,Drowsy
0.187794,0.035911,0.004639,0,Drowsy
0.099964,0.072173,0.179346,0,Drowsy
0.064773,0.063892,0.080933,0,Drowsy
0.056527,0.062956,0.013322,0,Drowsy
0.220885,0.027791,0.005085,0,Drowsy
0.212492,0.032367,0.003091,0,Drowsy
0.205356,0.030265,0.002374,0,Drowsy
0.118131,0.03241,0.004703,0,Drowsy
0.0955,0.031331,0.00222,0,Drowsy
0.102437,0.036462,0.006454,0,Drowsy
0.092528,0.03341,0.002965,0,Drowsy
0.06793,0.037292,0.001379,0,Drowsy
0.048684,0.034189,0.000302,0,Drowsy
0.043277,0.035498,0.001534,0,Drowsy
0.052589,0.030715,0.000887,0,Drowsy
0.033699,0.026579,0.006158,0,Drowsy
0.093906,0.02093,0.003449,0,Drowsy
0.058726,0.029675,0.000545,0,Drowsy
0.051149,0.018296,0.003172,0,Drowsy
0.046914,0.022028,0.002152,0,Drowsy
0.039818,0.019119,0.000912,0,Drowsy
0.044547,0.018821,0.000596,0,Drowsy
0.047154,0.017321,9.5e-05,0,Drowsy
0.042004,0.012921,0.00183,0,Drowsy
0.049672,0.027444,8.9e-05,0,Drowsy
0.051184,0.020477,0.001758,0,Drowsy
0.04323,0.012762,0.000502,0,Drowsy
0.046751,0.017418,0.003463,0,Drowsy
0.041487,0.01951,0.002165,0,Drowsy
0.050098,0.013026,0.002101,0,Drowsy
0.057461,0.019298,0.002055,0,Drowsy
0.043288,0.01608,0.001218,0,Drowsy
0.051712,0.015021,0.001052,0,Drowsy
0.033988,0.045397,0.027444,0,Drowsy
0.050241,0.039908,0.065979,0,Drowsy
0.09029,0.052884,0.139008,0,Drowsy
0.048785,0.016163,0.002094,0,Drowsy
0.050704,0.013012,0.000529,0,Drowsy
0.053845,0.012647,0.000551,0,Drowsy
0.061456,0.005148,0.001487,0,Drowsy
0.04853,0.00116,0.002487,0,Drowsy
0.073605,0.012131,0.001102,0,Drowsy
0.095224,0.021986,0.005013,0,Drowsy
0.137684,0.02567,0.001431,0,Drowsy
0.112922,0.038998,0.003226,0,Drowsy
0.183917,0.072338,0.005702,0,Drowsy
0.185744,0.076229,0.003022,0,Drowsy
0.142954,0.001667,0.127554,0,Drowsy
0.120933,0.016823,0.126013,0,Drowsy
0.132824,0.03501,0.002802,0,Drowsy
0.093088,0.037502,0.008361,0,Drowsy
0.082179,0.033025,0.002896,0,Drowsy
0.087374,0.034071,0.008083,0,Drowsy
0.095022,0.037744,0.006248,0,Drowsy
0.076148,0.034657,0.004251,0,Drowsy
0.073072,0.03952,0.006034,0,Drowsy
0.095292,0.041375,0.004045,0,Drowsy
0.08248,0.030348,0.004281,0,Drowsy
0.056158,0.033691,0.004782,0,Drowsy
0.034505,0.028625,0.001868,0,Drowsy
0.038471,0.030841,0.002507,0,Drowsy
0.040744,0.033173,0.00083,0,Drowsy
0.035685,0.033768,0.003657,0,Drowsy
0.036438,0.037159,0.001703,0,Drowsy
0.036381,0.038246,0.001355,0,Drowsy
0.037795,0.036952,0.004075,0,Drowsy
0.030458,0.037449,0.003601,0,Drowsy
0.039922,0.039778,0.004597,0,Drowsy
0.033809,0.033409,0.000939,0,Drowsy
0.023727,0.041244,0.001478,0,Drowsy
0.026083,0.039891,0.001915,0,Drowsy
0.041113,0.04167,0.000853,0,Drowsy
0.035216,0.043095,0.000337,0,Drowsy
0.033185,0.040923,0.002244,0,Drowsy
0.039392,0.045229,0.003759,0,Drowsy
0.044838,0.039265,0.003332,0,Drowsy
0.027927,0.044372,0.002156,0,Drowsy
0.028159,0.046635,0.001416,0,Drowsy
0.028432,0.047737,0.000336,0,Drowsy
0.023725,0.049324,0.000336,0,Drowsy
0.046276,0.051621,0.000701,0,Drowsy
0.040321,0.06058,0.000613,0,Drowsy
0.042895,0.058097,0.002307,0,Drowsy
0.052353,0.059646,0.000899,0,Drowsy
0.039107,0.058619,0.000254,0,Drowsy
0.042216,0.055148,0.005031,0,Drowsy
0.028162,0.057751,0.007288,0,Drowsy
0.037538,0.058014,0.01113,0,Drowsy
0.051321,0.055896,0.004972,0,Drowsy
0.040338,0.051555,0.003396,0,Drowsy
0.047359,0.050526,0.000545,0,Drowsy
0.043048,0.053826,0.003284,0,Drowsy
0.053916,0.060394,0.002604,0,Drowsy
0.058245,0.060338,0.001547,0,Drowsy
0.048241,0.066647,0.000221,0,Drowsy
0.051316,0.053878,0.000411,0,Drowsy
0.038483,0.058026,0.000111,0,Drowsy
0.042015,0.056134,0.000507,0,Drowsy
0.048427,0.048889,0.001564,0,Drowsy
0.047586,0.051474,3.3e-05,0,Drowsy
0.05203,0.051216,0.008292,0,Drowsy
0.041623,0.050958,0.002929,0,Drowsy
0.041121,0.04233,0.003315,0,Drowsy
0.050466,0.03772,0.016812,0,Drowsy
0.071027,0.046938,0.008315,0,Drowsy
0.066602,0.036142,0.007425,0,Drowsy
0.059643,0.038403,0.004762,0,Drowsy
0.056426,0.037229,0.000884,0,Drowsy
0.071266,0.041609,0.002412,0,Drowsy
0.059596,0.04744,0.000853,0,Drowsy
0.079889,0.030252,0.002702,0,Drowsy
0.058678,0.027786,0.001225,0,Drowsy
0.056287,0.026628,0.002611,0,Drowsy
0.06881,0.028346,0.001105,0,Drowsy
0.119034,0.030252,0.000271,0,Drowsy
0.076806,0.031625,0.00322,0,Drowsy
0.067375,0.035089,0.00464,0,Drowsy
0.100171,0.022667,0.00564,0,Drowsy
0.107456,0.037165,0.006782,0,Drowsy
0.122466,0.029323,0.012114,0,Drowsy
0.139719,0.037352,0.009401,0,Drowsy
0.158339,0.041891,0.008733,0,Drowsy
0.142612,0.043169,0.012004,0,Drowsy
0.090525,0.044214,0.014104,0,Drowsy
0.128659,0.038019,0.007386,0,Drowsy
0.163688,0.024914,0.00793,0,Drowsy
0.1815,0.036342,0.005048,0,Drowsy
0.112308,0.037252,0.00818,0,Drowsy
0.171768,0.038967,0.003452,0,Drowsy
0.150192,0.039565,0.01192,0,Drowsy
0.194529,0.022019,0.000831,0,Drowsy
0.097945,0.078952,0.032629,0,Drowsy
0.099054,0.101394,0.027002,0,Drowsy
0.116149,0.086977,0.026609,0,Drowsy
0.104022,0.082447,0.017594,0,Drowsy
0.154697,0.07125,0.016647,0,Drowsy
0.127205,0.066272,0.009088,0,Drowsy
0.053059,0.025299,0.198715,0,Drowsy
0.098194,0.021285,0.005608,0,Drowsy
0.045512,0.0279,0.006504,0,Drowsy
0.041414,0.027166,0.006004,0,Drowsy
0.025279,0.039067,0.002833,0,Drowsy
0.023723,0.037225,0.002943,0,Drowsy
0.033668,0.057047,0.001485,0,Drowsy
0.025264,0.077176,0.003187,0,Drowsy
0.028039,0.093389,0.002566,0,Drowsy
0.035991,0.100032,0.000266,0,Drowsy
0.026213,0.112253,0.003783,0,Drowsy
0.029141,0.108593,0.001385,0,Drowsy
0.0283,0.090375,0.001824,0,Drowsy
0.044073,0.084474,0.003634,0,Drowsy
0.028782,0.071354,0.000686,0,Drowsy
0.03702,0.058724,8.8e-05,0,Drowsy
0.046665,0.040539,0.001686,0,Drowsy
0.11192,0.041109,0.002246,0,Drowsy
0.199369,0.037699,0.001339,0,Drowsy
0.09202,0.046898,0.002037,0,Drowsy
0.074794,0.032584,0.004292,0,Drowsy
0.083453,0.037688,0.00632,0,Drowsy
0.072676,0.032493,0.005149,0,Drowsy
0.051233,0.031119,0.006518,0,Drowsy
0.039671,0.034688,0.003398,0,Drowsy
0.032548,0.03568,0.004764,0,Drowsy
0.032089,0.03513,0.00564,0,Drowsy
0.048984,0.030941,0.005881,0,Drowsy
0.035615,0.038021,0.001201,0,Drowsy
0.03436,0.031551,0.001383,0,Drowsy
0.029414,0.035972,0.000888,0,Drowsy
0.024793,0.031947,0.002284,0,Drowsy
0.024524,0.032114,0.001262,0,Drowsy
0.020923,0.033094,0.004564,0,Drowsy
0.021689,0.034359,0.000638,0,Drowsy
0.021076,0.035832,0.001082,0,Drowsy
0.112371,0.04019,0.002207,0,Drowsy
0.103447,0.040276,0.006303,0,Drowsy
0.064852,0.04274,0.008217,0,Drowsy
0.090378,0.03064,0.019556,0,Drowsy
0.051886,0.033334,0.034612,0,Drowsy
0.040935,0.03533,0.00426,0,Drowsy
0.058067,0.025518,0.00013,0,Drowsy
0.035524,0.019367,0.00894,0,Drowsy
0.051095,0.029087,0.003116,0,Drowsy
0.076857,0.034069,0.001938,0,Drowsy
0.072589,0.033756,0.005412,0,Drowsy
0.052645,0.034631,0.00501,0,Drowsy
0.058722,0.061933,0.00826,0,Drowsy
0.109293,0.0318,0.002203,0,Drowsy
0.080716,0.081602,0.037045,0,Drowsy
0.083824,0.061578,0.026501,0,Drowsy
0.092367,0.078088,0.00148,0,Drowsy
0.113947,0.039313,0.008896,0,Drowsy
0.124782,0.034667,0.007382,0,Drowsy
0.105871,0.031854,0.00681,0,Drowsy
0.086419,0.035469,0.009503,0,Drowsy
0.062366,0.022797,0.008449,0,Drowsy
0.068218,0.016361,0.00784,0,Drowsy
0.08767,0.01719,0.008503,0,Drowsy
0.057939,0.030496,0.005808,0,Drowsy
0.062102,0.019968,0.026321,0,Drowsy
0.077139,0.01881,0.011754,0,Drowsy
0.122573,0.013862,0.014283,0,Drowsy
0.122532,0.036554,0.010869,0,Drowsy
0.078426,0.044351,0.013959,0,Drowsy
0.071732,0.035604,0.104802,0,Drowsy
0.077353,0.041505,0.015133,0,Drowsy
0.071886,0.051136,0.011897,0,Drowsy
0.07734,0.062809,0.00898,0,Drowsy
0.104627,0.05556,0.004457,0,Drowsy
0.105702,0.054348,0.005914,0,Drowsy
0.090798,0.072827,0.002801,0,Drowsy
0.096833,0.087719,0.003746,0,Drowsy
0.076852,0.105908,0.005719,0,Drowsy
0.146107,0.11002,0.010214,0,Drowsy
0.384,0.120746,0.000941,0,Looking Away
0.374885,0.144637,0.003289,0,Looking Away
0.393357,0.163356,0.008067,0,Looking Away
0.384033,0.185715,0.008621,0,Looking Away
0.383461,0.19178,0.00795,0,Looking Away
0.375911,0.209205,0.008895,0,Looking Away
0.4015,0.22616,0.011575,0,Looking Away
0.40271,0.237872,0.010643,0,Looking Away
0.399431,0.238585,0.005405,0,Looking Away
0.411555,0.24653,0.008425,0,Looking Away
0.406822,0.254729,0.009347,0,Looking Away
0.401833,0.264729,0.009273,0,Looking Away
0.404593,0.259884,0.010455,0,Looking Away
0.400211,0.258146,0.00633,0,Looking Away
0.398548,0.247136,0.007369,0,Looking Away
0.401145,0.235992,0.007904,0,Looking Away
0.392885,0.233446,0.011168,0,Looking Away
0.394444,0.223877,0.008454,0,Looking Away
0.401459,0.233098,0.010609,0,Looking Away
0.405416,0.222627,0.007258,0,Looking Away
0.388159,0.222259,0.00836,0,Looking Away
0.392745,0.22097,0.006565,0,Looking Away
0.389274,0.218946,0.001039,0,Looking Away
0.388336,0.210718,0.000116,0,Looking Away
0.394487,0.2092,0.002236,0,Looking Away
0.393138,0.210769,0.002954,0,Looking Away
0.390212,0.205368,0.001513,0,Looking Away
0.398634,0.207021,0.001811,0,Looking Away
0.400888,0.202688,0.000709,0,Looking Away
0.396361,0.200765,0.00012,0,Looking Away
0.394769,0.197904,0.006199,0,Looking Away
0.398172,0.190274,0.004453,0,Looking Away
0.39314,0.210319,0.010133,0,Looking Away
0.389487,0.180709,0.003849,0,Looking Away
0.370892,0.164444,0.014048,0,Looking Away
0.356226,0.158291,0.003145,0,Looking Away
0.34993,0.146285,0.004514,0,Looking Away
0.331667,0.132357,0.000158,0,Looking Away
0.338603,0.125576,0.00596,0,Looking Away
0.339194,0.114084,0.004899,0,Looking Away
0.343285,0.093517,0.008316,0,Looking Away
0.348669,0.080474,0.005993,0,Looking Away
0.34634,0.070127,0.002037,0,Looking Away
0.354063,0.045269,0.001575,0,Looking Away
0.353491,0.025491,0.005366,0,Looking Away
0.345222,0.029087,0.003395,0,Looking Away
0.35332,0.015978,0.000856,0,Looking Away
0.337574,0.015997,0.003012,0,Looking Away
0.355522,0.009089,0.003781,0,Looking Away
0.351164,0.007827,0.002375,0,Looking Away
0.344507,0.002889,0.002416,0,Looking Away
0.35206,0.002355,0.002296,0,Looking Away
0.35102,0.000437,0.001604,0,Looking Away
0.348151,0.003817,0.00103,0,Looking Away
0.360693,0.004342,0.002029,0,Looking Away
0.365703,0.004194,0.000412,0,Looking Away
0.362658,0.00039,0.00371,0,Looking Away
0.356979,0.001013,0.005325,0,Looking Away
0.34577,0.003278,0.001057,0,Looking Away
0.341342,0.010832,0.001586,0,Looking Away
0.359283,0.020907,0.001138,0,Looking Away
0.356092,0.030192,0.002352,0,Looking Away
0.343062,0.050836,0.004488,0,Looking Away
0.349413,0.084692,0.009537,0,Looking Away
0.360116,0.115578,0.009797,0,Looking Away
0.370565,0.17305,0.008019,0,Looking Away
0.376283,0.204003,0.013898,0,Looking Away
0.388675,0.239308,0.007428,0,Looking Away
0.407544,0.2753,0.008701,0,Looking Away
0.413589,0.287889,0.005279,0,Looking Away
0.42545,0.321013,0.004314,0,Looking Away
0.438035,0.315929,0.001705,0,Looking Away
0.433772,0.319807,0.002109,0,Looking Away
0.435836,0.324983,0.002684,0,Looking Away
0.430582,0.320759,0.000372,0,Looking Away
0.427369,0.325744,0.004646,0,Looking Away
0.436629,0.34871,0.000421,0,Looking Away
0.442094,0.359596,0.004066,0,Looking Away
0.432253,0.327416,0.003785,0,Looking Away
0.442822,0.324709,0.00117,0,Looking Away
0.429437,0.32723,0.002992,0,Looking Away
0.439027,0.328728,0.006887,0,Looking Away
0.44188,0.329791,0.003204,0,Looking Away
0.437079,0.341665,0.001071,0,Looking Away
0.449881,0.33897,0.002921,0,Looking Away
0.454126,0.346994,0.003237,0,Looking Away
0.47004,0.347812,0.002671,0,Looking Away
0.462282,0.364438,0.003316,0,Looking Away
0.455107,0.339067,0.001693,0,Looking Away
0.457383,0.350684,0.002633,0,Looking Away
0.463214,0.341817,0.006296,0,Looking Away
0.431582,0.34969,0.004608,0,Looking Away
0.267928,0.402676,0.009733,0,Looking Away
0.203699,0.390274,0.01013,0,Looking Away
0.453981,0.420091,0.01118,0,Looking Away
0.482696,0.491257,0.004071,0,Looking Away
0.48331,0.498029,0.005805,0,Looking Away
0.461643,0.507778,0.003346,0,Looking Away
0.511892,0.542299,0.01667,0,Looking Away
0.48967,0.525864,0.00601,0,Looking Away
0.479082,0.566367,0.008855,0,Looking Away
0.49478,0.573472,0.008231,0,Looking Away
0.494951,0.569083,0.002744,0,Looking Away
0.516101,0.609468,0.002845,0,Looking Away
0.523238,0.612914,0.005239,0,Looking Away
0.53758,0.571681,0.011976,0,Looking Away
0.548703,0.578542,0.011377,0,Looking Away
0.558399,0.616789,0.007946,0,Looking Away
0.537316,0.591327,0.00431,0,Looking Away
0.560855,0.589529,0.002081,0,Looking Away
0.560738,0.594946,0.003571,0,Looking Away
0.545501,0.660926,0.00395,0,Looking Away
0.547273,0.665521,0.001326,0,Looking Away
0.543635,0.665216,0.00665,0,Looking Away
0.542773,0.697223,0.004422,0,Looking Away
0.546765,0.770731,0.007345,0,Looking Away
0.566888,0.870062,0.012103,0,Looking Away
0.433794,0.926114,0.003637,0,Looking Away
0.601937,1.563524,0.123345,0,Looking Away
0.334758,1.18508,0.166415,0,Looking Away
0.372084,1.001148,0.12877,0,Looking Away
0.421534,1.050628,0.260648,0,Looking Away
0.457543,1.200457,0.049767,0,Looking Away
0.5239,1.701971,0.039655,0,Looking Away
0.442822,1.060625,0.022126,0,Looking Away
0.431205,0.879319,0.010882,0,Looking Away
0.491699,0.721549,0.002555,0,Looking Away
0.483487,0.752744,0.008852,0,Looking Away
0.438866,0.67275,0.008686,0,Looking Away
0.363071,0.078113,0.002529,0,Looking Away
0.355375,0.113822,0.001203,0,Looking Away
0.351699,0.162638,0.007583,0,Looking Away
0.347789,0.213444,0.007732,0,Looking Away
0.369678,0.281779,0.011409,0,Looking Away
0.365895,0.354222,0.008789,0,Looking Away
0.390199,0.41952,0.024158,0,Looking Away
0.383183,0.432588,0.01907,0,Looking Away
0.405639,0.469202,0.015338,0,Looking Away
0.404069,0.51593,0.00014,0,Looking Away
0.442913,0.563024,0.00308,0,Looking Away
0.504448,0.580325,0.009744,0,Looking Away
0.505452,0.577699,0.011385,0,Looking Away
0.530583,0.629631,0.010677,0,Looking Away
0.448775,0.5847,0.007552,0,Looking Away
0.465304,0.59532,0.009682,0,Looking Away
0.527276,0.626722,0.009717,0,Looking Away
0.49811,0.590237,0.014819,0,Looking Away
0.503709,0.628541,0.017286,0,Looking Away
0.48883,0.620107,0.021197,0,Looking Away
0.511109,0.645527,0.025563,0,Looking Away
0.503505,0.630232,0.019153,0,Looking Away
0.493075,0.614805,0.014271,0,Looking Away
0.513644,0.621999,0.01748,0,Looking Away
0.492479,0.606401,0.018296,0,Looking Away
0.529263,0.605505,0.016301,0,Looking Away
0.474163,0.603222,0.015219,0,Looking Away
0.452353,0.591114,0.014074,0,Looking Away
0.443,0.570277,0.009087,0,Looking Away
0.479604,0.567993,0.010323,0,Looking Away
0.489022,0.598904,0.010894,0,Looking Away
0.440256,0.593728,0.011275,0,Looking Away
0.421327,0.594951,0.001931,0,Looking Away
0.503691,0.623309,0.015079,0,Looking Away
0.539494,0.634971,0.019493,0,Looking Away
0.542418,0.632159,0.018262,0,Looking Away
0.432898,0.62275,0.013719,0,Looking Away
0.473554,0.629208,0.018011,0,Looking Away
0.443821,0.635872,0.018332,0,Looking Away
0.485617,0.679128,0.025124,0,Looking Away
0.422605,0.645,0.012361,0,Looking Away
0.423076,0.662143,0.014134,0,Looking Away
0.459621,0.719621,0.01912,0,Looking Away
0.465665,0.741748,0.020624,0,Looking Away
0.469094,0.800465,0.017984,0,Looking Away
0.458547,0.782338,0.011124,0,Looking Away
0.398766,0.811251,0.017267,0,Looking Away
0.45699,0.734214,0.013336,0,Looking Away
0.395959,0.837021,0.0286,0,Looking Away
0.464518,0.911614,0.02725,0,Looking Away
0.46523,0.951428,0.03273,0,Looking Away
0.402582,0.870023,0.030729,0,Looking Away
0.450022,1.054646,0.008268,0,Looking Away
0.446763,0.960422,0.02276,0,Looking Away
0.422899,0.880813,0.008631,0,Looking Away
0.502934,0.899448,0.01544,0,Looking Away
0.432941,0.79859,0.029783,0,Looking Away
0.401998,0.884067,0.020522,0,Looking Away
0.447416,0.78339,0.009289,0,Looking Away
0.5326,0.774206,0.007258,0,Looking Away
0.568511,0.914754,0.012196,0,Looking Away
0.467923,0.720152,0.013336,0,Looking Away
0.543142,0.73364,0.032219,0,Looking Away
0.451383,0.639487,0.046495,0,Looking Away
0.474838,0.645403,0.032712,0,Looking Away
0.508443,0.64692,0.056816,0,Looking Away
0.54674,0.641345,0.05279,0,Looking Away
0.559435,0.686936,0.054135,0,Looking Away
0.511119,0.66965,0.048896,0,Looking Away
0.429694,0.639496,0.042742,0,Looking Away
0.48064,0.666741,0.040798,0,Looking Away
0.415708,0.658414,0.071109,0,Looking Away
0.447924,0.649912,0.037409,0,Looking Away
0.491162,0.628941,0.04143,0,Looking Away
0.415234,0.625206,0.038512,0,Looking Away
0.389151,0.637357,0.025188,0,Looking Away
0.418962,0.644809,0.029231,0,Looking Away
0.473741,0.683817,0.043557,0,Looking Away
0.491802,0.68608,0.026987,0,Looking Away
0.470297,0.668158,0.031528,0,Looking Away
0.468602,0.694313,0.061207,0,Looking Away
0.431113,0.708249,0.081425,0,Looking Away
0.418238,0.666623,0.061288,0,Looking Away
0.415151,0.706679,0.074268,0,Looking Away
0.356097,0.614446,0.029295,0,Looking Away
0.335357,0.606139,0.040349,0,Looking Away
0.344337,0.595815,0.035501,0,Looking Away
0.245626,0.504627,0.006802,0,Looking Away
0.261251,0.475595,0.01151,0,Looking Away
0.173124,0.447021,0.009408,0,Looking Away
0.231906,0.443961,0.008017,0,Looking Away
0.210406,0.378082,0.001321,0,Looking Away
0.235558,0.401517,0.012406,0,Looking Away
0.23147,0.351283,0.005404,0,Looking Away
0.23281,0.28509,0.002981,0,Looking Away
0.246444,0.303586,0.006107,0,Looking Away
0.173714,0.297373,0.006009,0,Looking Away
0.181127,0.28668,0.003545,0,Looking Away
0.148718,0.297295,0.004182,0,Looking Away
0.127599,0.266901,0.003489,0,Looking Away
0.116703,0.250687,0.005282,0,Looking Away
0.170092,0.24065,0.002986,0,Looking Away
0.214178,0.212631,1e-05,0,Looking Away
0.172497,0.212413,0.000165,0,Looking Away
0.129459,0.203665,0.005853,0,Looking Away
0.146438,0.197623,0.000412,0,Looking Away
0.120375,0.185184,0.005627,0,Looking Away
0.105935,0.184309,0.000107,0,Looking Away
0.106829,0.181948,0.002528,0,Looking Away
0.131417,0.171324,0.000424,0,Looking Away
0.109935,0.155084,0.001026,0,Looking Away
0.130277,0.142278,0.004446,0,Looking Away
0.125412,0.161647,0.005363,0,Looking Away
0.225515,0.153896,0.004108,0,Looking Away
0.370432,0.378547,0.003954,0,Looking Away
0.389867,0.411641,0.007364,0,Looking Away
0.406639,0.429448,0.006085,0,Looking Away
0.381936,0.422962,0.01305,0,Looking Away
0.367175,0.451552,0.010344,0,Looking Away
0.344828,0.44861,0.009875,0,Looking Away
0.278142,0.451275,0.006885,0,Looking Away
0.346158,0.480972,0.010056,0,Looking Away
0.30368,0.477504,0.010365,0,Looking Away
0.340912,0.498077,0.007146,0,Looking Away
0.370736,0.517522,0.015899,0,Looking Away
0.373467,0.55871,0.017013,0,Looking Away
0.430938,0.555069,0.017358,0,Looking Away
0.375992,0.568228,0.009278,0,Looking Away
0.394847,0.562945,0.022902,0,Looking Away
0.418086,0.582906,0.023239,0,Looking Away
0.449071,0.584421,0.024654,0,Looking Away
0.453522,0.570249,0.037268,0,Looking Away
0.453486,0.662212,0.022988,0,Looking Away
0.455992,0.651098,0.035463,0,Looking Away
0.429429,0.712048,0.05578,0,Looking Away
0.433791,0.634867,0.024472,0,Looking Away
0.412715,0.599894,0.020236,0,Looking Away
0.453507,0.726306,0.03616,0,Looking Away
0.453001,0.749646,0.028328,0,Looking Away
0.412745,0.604091,0.02978,0,Looking Away
0.397445,0.692744,0.041409,0,Looking Away
0.412768,0.785983,0.066583,0,Looking Away
0.309208,0.551719,0.026895,0,Looking Away
0.352166,0.512001,0.023058,0,Looking Away
0.368601,0.469858,0.025154,0,Looking Away
0.460311,0.504308,0.014022,0,Looking Away
0.395538,0.515095,0.010355,0,Looking Away
0.422954,0.517856,0.020284,0,Looking Away
0.382465,0.51029,0.018141,0,Looking Away
0.397898,0.487864,0.001038,0,Looking Away
0.421488,0.55043,0.019187,0,Looking Away
0.434633,0.576815,0.009126,0,Looking Away
0.375128,0.541697,0.017117,0,Looking Away
0.417579,0.543924,0.015125,0,Looking Away
0.406168,0.504929,0.005626,0,Looking Away
0.397753,0.52415,0.017967,0,Looking Away
0.397709,0.601701,0.015761,0,Looking Away
0.434582,0.588816,0.01803,0,Looking Away
0.4562,0.568837,0.015689,0,Looking Away
0.452789,0.633851,0.014007,0,Looking Away
0.47537,0.635479,0.007292,0,Looking Away
0.488388,0.681739,0.012221,0,Looking Away
0.419921,0.606546,0.015254,0,Looking Away
0.437637,0.604001,0.00698,0,Looking Away
0.478228,0.590976,0.012574,0,Looking Away
0.446758,0.597499,0.00966,0,Looking Away
0.539995,0.644334,0.014168,0,Looking Away
0.515321,0.677936,0.004723,0,Looking Away
0.493245,0.621054,0.019519,0,Looking Away
0.51959,0.616964,0.005005,0,Looking Away
0.545974,0.621519,0.00323,0,Looking Away
0.553567,0.662577,0.013859,0,Looking Away
0.580144,0.622328,0.01207,0,Looking Away
0.586859,0.658281,0.004132,0,Looking Away
0.58711,0.652419,0.010933,0,Looking Away
0.552628,0.617505,0.000567,0,Looking Away
0.566169,0.622797,0.000383,0,Looking Away
0.598201,0.647943,0.000395,0,Looking Away
0.53761,0.632396,0.007973,0,Looking Away
0.575399,0.601131,0.01747,0,Looking Away
0.539299,0.610736,0.00269,0,Looking Away
0.54996,0.629856,0.009178,0,Looking Away
0.524002,0.595149,0.006755,0,Looking Away
0.526537,0.58981,0.013543,0,Looking Away
0.508883,0.555756,0.016957,0,Looking Away
0.496733,0.579425,0.016455,0,Looking Away
0.517345,0.615927,7.8e-05,0,Looking Away
0.558671,0.592776,0.004261,0,Looking Away
0.524159,0.639996,0.000673,0,Looking Away
0.526253,0.578554,0.0078,0,Looking Away
0.552575,0.615174,0.011224,0,Looking Away
0.530968,0.626844,0.013186,0,Looking Away
0.507871,0.599098,0.01739,0,Looking Away
0.541518,0.576332,0.008926,0,Looking Away
0.560587,0.581931,0.018021,0,Looking Away
0.51385,0.588519,0.011916,0,Looking Away
0.502274,0.596448,0.002902,0,Looking Away
0.544849,0.596804,0.002472,0,Looking Away
0.621805,0.619915,0.002464,0,Looking Away
0.5473,0.575326,0.00979,0,Looking Away
0.554463,0.604321,0.004378,0,Looking Away
0.521349,0.613061,0.013264,0,Looking Away
0.553,0.646915,0.006216,0,Looking Away
0.493015,0.585276,0.036286,0,Looking Away
0.514366,0.578695,0.029086,0,Looking Away
0.558611,0.660052,0.008912,0,Looking Away
0.536023,0.674954,0.001318,0,Looking Away
0.523183,0.650828,0.010124,0,Looking Away
0.494612,0.597261,0.014322,0,Looking Away
0.543367,0.611149,0.016742,0,Looking Away
0.529143,0.645439,0.003394,0,Looking Away
0.555453,0.63182,0.022908,0,Looking Away
0.533581,0.615427,0.015712,0,Looking Away
0.538785,0.624313,0.024811,0,Looking Away
0.549974,0.619355,0.005609,0,Looking Away
0.573148,0.625194,0.013132,0,Looking Away
0.559541,0.598825,0.007136,0,Looking Away
0.466065,0.580059,0.009359,0,Looking Away
0.385595,0.617423,0.004441,0,Looking Away
0.341112,0.353746,0.006913,0,Looking Away
0.343291,0.282759,0.005632,0,Looking Away
0.346391,0.226387,0.00311,0,Looking Away
0.319737,0.173126,0.011456,0,Looking Away
0.351972,0.115848,0.005839,0,Looking Away
0.334707,0.092893,0.006647,0,Looking Away
0.321684,0.079998,0.002582,0,Looking Away
0.31659,0.057274,0.002314,0,Looking Away
0.306884,0.059248,0.00384,0,Looking Away
0.292962,0.047939,0.004246,0,Looking Away
0.331155,0.064498,0.004568,0,Looking Away
0.313301,0.063978,0.010457,0,Looking Away
0.333868,0.031725,0.001365,1,Confused
0.328093,0.042212,0.000506,1,Confused
0.330709,0.049013,0.004001,1,Confused
0.325113,0.045899,0.001003,1,Confused
0.336955,0.043669,0.003145,1,Confused
0.351551,0.047907,0.007429,1,Confused
0.341788,0.037909,0.003283,1,Confused
0.326367,0.018827,0.004924,1,Confused
0.351951,0.01739,0.010176,1,Confused
0.188154,0.010929,0.014796,1,Confused
0.14021,0.008834,0.01505,1,Confused
0.209655,0.010985,0.027841,1,Confused
0.234859,0.011718,0.014687,1,Confused
0.249047,0.021514,0.035474,1,Confused
0.265021,0.033962,0.082874,1,Confused
0.260607,0.034696,0.102075,1,Confused
0.27062,0.044723,0.053149,1,Confused
0.265688,0.040562,0.024808,1,Confused
0.260608,0.04577,0.017886,1,Confused
0.272284,0.043763,0.046134,1,Confused
0.267801,0.031849,0.014307,1,Confused
0.283302,0.036242,0.046275,1,Confused
0.307463,0.032833,0.010862,1,Confused
0.304573,0.034362,0.013559,1,Confused
0.308339,0.042342,0.023464,1,Confused
0.312038,0.036604,0.020527,1,Confused
0.320957,0.042504,0.023554,1,Confused
0.325586,0.041495,0.031684,1,Confused
0.325345,0.038229,0.02442,1,Confused
0.327747,0.046955,0.02248,1,Confused
0.328002,0.042203,0.015878,1,Confused
0.317339,0.040404,0.009225,1,Confused
0.311214,0.040988,0.006001,1,Confused
0.314912,0.040324,0.005325,1,Confused
0.33348,0.044461,0.001778,1,Confused
0.330287,0.043628,0.000584,1,Confused
0.323126,0.045402,0.002383,1,Confused
0.327208,0.05228,0.002571,1,Confused
0.347495,0.047804,0.002183,1,Confused
0.347158,0.043154,0.004506,1,Confused
0.337328,0.032682,0.002657,1,Confused
0.304837,0.03864,0.002772,1,Confused
0.306204,0.03245,0.001671,1,Confused
0.322604,0.034213,0.003863,1,Confused
0.311783,0.035111,0.004414,1,Confused
0.307066,0.039316,0.002938,1,Confused
0.289772,0.032608,0.007753,1,Confused
0.294132,0.033913,0.008359,1,Confused
0.299289,0.027792,0.010886,1,Confused
0.3017,0.028984,0.004582,1,Confused
0.298069,0.025044,0.002977,1,Confused
0.280005,0.028959,0.004962,1,Confused
0.287275,0.029971,0.000286,1,Confused
0.296856,0.026542,0.000833,1,Confused
0.301731,0.030022,0.004819,1,Confused
0.2823,0.031645,0.014133,1,Confused
0.288867,0.029259,0.015173,1,Confused
0.290461,0.037511,0.022104,1,Confused
0.289282,0.030212,0.008163,1,Confused
0.282879,0.024932,0.012169,1,Confused
0.293414,0.026116,0.007216,1,Confused
0.28539,0.031605,0.011412,1,Confused
0.289935,0.042241,0.021453,1,Confused
0.282802,0.048356,0.01208,1,Confused
0.281205,0.048909,0.00505,1,Confused
0.185948,0.058321,0.003681,1,Confused
0.166549,0.052509,0.009216,1,Confused
0.143814,0.054642,0.007572,1,Confused
0.256552,0.046602,0.004345,1,Confused
0.312422,0.075625,0.002426,1,Confused
0.310019,0.093775,0.00224,1,Confused
0.31223,0.099457,0.000421,1,Confused
0.312141,0.113038,0.001675,1,Confused
0.249517,0.14562,0.005558,1,Confused
0.264636,0.099457,0.009369,1,Confused
0.291402,0.065581,0.001975,1,Confused
0.262283,0.041738,0.014615,1,Confused
0.25408,0.018158,0.012257,1,Confused
0.240153,0.012378,0.002196,1,Confused
0.238874,0.003426,0.001604,1,Confused
0.254314,0.002143,2.1e-05,1,Confused
0.232689,0.00055,0.003388,1,Confused
0.255695,0.012594,0.00481,1,Confused
0.231404,0.008418,0.006916,1,Confused
0.228116,0.011268,0.004718,1,Confused
0.255347,0.014056,0.004059,1,Confused
0.244788,0.016881,0.005064,1,Confused
0.256248,0.021839,0.004274,1,Confused
0.233091,0.023716,0.002998,1,Confused
0.235253,0.016581,0.000112,1,Confused
0.224836,0.01392,0.003741,1,Confused
0.235105,0.017231,0.002567,1,Confused
0.229753,0.017768,0.007872,1,Confused
0.202304,0.017784,0.002982,1,Confused
0.221493,0.025593,0.001129,1,Confused
0.234579,0.020056,0.000783,1,Confused
0.224463,0.029427,0.003672,1,Confused
0.181364,0.031651,0.001384,1,Confused
0.164667,0.036147,0.001251,1,Confused
0.187732,0.039006,0.000784,1,Confused
0.169024,0.031587,0.001312,1,Confused
0.193737,0.041298,0.00169,1,Confused
0.177637,0.035748,0.000486,1,Confused
0.191744,0.032355,0.00301,1,Confused
0.189977,0.032485,7e-05,1,Confused
0.213798,0.041557,0.004109,1,Confused
0.211284,0.039161,0.003975,1,Confused
0.21167,0.030023,0.003417,1,Confused
0.182971,0.031428,0.000422,1,Confused
0.189,0.030193,0.003821,1,Confused
0.174179,0.031026,0.000972,1,Confused
0.172265,0.036552,0.002985,1,Confused
0.169988,0.028669,0.000805,1,Confused
0.156718,0.030665,9.1e-05,1,Confused
0.167473,0.022146,0.005778,1,Confused
0.19717,0.023972,0.008994,1,Confused
0.1621,0.020516,0.004935,1,Confused
0.200778,0.023699,0.006093,1,Confused
0.240038,0.024361,0.006712,1,Confused
0.228504,0.017043,0.022906,1,Confused
0.212575,0.01499,0.017959,1,Confused
0.207992,0.00817,0.057739,1,Confused
0.216004,0.016247,0.031546,1,Confused
0.212229,0.016562,0.075131,1,Confused
0.217511,0.01459,0.105338,1,Confused
0.18323,0.01636,0.207937,1,Confused
0.210643,0.022814,0.231866,1,Confused
0.204216,0.018845,0.213506,1,Confused
0.174741,0.009538,0.217702,1,Confused
0.142176,0.001682,0.172183,1,Confused
0.170873,0.00832,0.145041,1,Confused
0.184614,0.004241,0.111653,1,Confused
0.155119,0.006606,0.121271,1,Confused
0.188992,0.008792,0.134897,1,Confused
0.212283,0.010188,0.158001,1,Confused
0.227934,0.011958,0.085586,1,Confused
0.227477,0.00946,0.044456,1,Confused
0.246287,0.005175,0.049911,1,Confused
0.220119,0.001138,0.043147,1,Confused
0.222834,0.00297,0.018902,1,Confused
0.211794,0.000496,0.020217,1,Confused
0.23285,0.008885,0.01747,1,Confused
0.24137,0.003562,0.017995,1,Confused
0.198921,0.001522,0.011557,1,Confused
0.207992,0.006011,0.014074,1,Confused
0.201896,0.001457,0.018471,1,Confused
0.227627,0.003618,0.000919,1,Confused
0.186883,0.005015,0.005178,1,Confused
0.128355,0.004444,0.006122,1,Confused
0.0829,0.004803,0.003167,1,Confused
0.142802,0.004848,0.003372,1,Confused
0.157549,2e-06,0.004932,1,Confused
0.163804,0.004077,0.000258,1,Confused
0.137456,0.008048,0.003041,1,Confused
0.15925,0.008751,0.005043,1,Confused
0.161893,0.013042,0.004986,1,Confused
0.156186,0.006471,0.001939,1,Confused
0.177318,0.003331,0.012264,1,Confused
0.173092,0.004626,0.002946,1,Confused
0.176681,0.01319,6.1e-05,1,Confused
0.21601,0.005732,0.002052,1,Confused
0.212511,0.002406,0.010718,1,Confused
0.214156,0.008547,0.04521,1,Confused
0.20364,0.017729,0.022751,1,Confused
0.214212,0.006897,0.008032,1,Confused
0.209762,0.016466,0.030444,1,Confused
0.1987,0.01808,0.013738,1,Confused
0.227582,0.014411,0.016203,1,Confused
0.18612,0.010949,0.025071,1,Confused
0.121349,0.004052,0.04375,1,Confused
0.128087,0.001911,0.016212,1,Confused
0.202497,0.006077,0.011029,1,Confused
0.25358,0.008581,0.010016,1,Confused
0.261651,0.008493,0.005009,1,Confused
0.247741,0.017709,0.004739,1,Confused
0.241643,0.015574,0.006783,1,Confused
0.183297,0.007868,0.004691,1,Confused
0.190084,0.013928,0.005709,1,Confused
0.206721,0.006101,0.006907,1,Confused
0.193361,0.01393,0.01286,1,Confused
0.199345,0.013052,0.02225,1,Confused
0.250955,0.021735,0.029196,1,Confused
0.252375,0.015988,0.026618,1,Confused
0.236641,0.020705,0.005462,1,Confused
0.22011,0.026317,0.016405,1,Confused
0.213109,0.018861,0.008519,1,Confused
0.221947,0.022249,0.007431,1,Confused
0.221318,0.022248,0.008347,1,Confused
0.222794,0.023582,0.038352,1,Confused
0.23696,0.030703,0.006602,1,Confused
0.24134,0.032753,0.005888,1,Confused
0.237478,0.02919,0.005641,1,Confused
0.243516,0.029303,0.001984,1,Confused
0.251399,0.024535,0.008112,1,Confused
0.252018,0.022762,0.003989,1,Confused
0.275507,0.029647,0.005375,1,Confused
0.260191,0.022786,0.008749,1,Confused
0.267422,0.02845,0.009525,1,Confused
0.270075,0.032608,0.004928,1,Confused
0.275262,0.033066,0.010009,1,Confused
0.271353,0.021078,0.017355,1,Confused
0.27292,0.024783,0.008956,1,Confused
0.269327,0.027286,0.016294,1,Confused
0.270233,0.034404,0.003556,1,Confused
0.277353,0.02351,0.025626,1,Confused
0.285195,0.019597,0.006246,1,Confused
0.273408,0.027417,0.001279,1,Confused
0.277539,0.028658,0.004707,1,Confused
0.263737,0.023367,0.006784,1,Confused
0.272899,0.029161,0.012173,1,Confused
0.266316,0.029815,0.006102,1,Confused
0.259955,0.038932,0.005087,1,Confused
0.260228,0.041524,0.010287,1,Confused
0.269537,0.048528,0.012364,1,Confused
0.281261,0.057574,0.00606,1,Confused
0.280361,0.069672,0.007239,1,Confused
0.261855,0.078183,0.010366,1,Confused
0.277868,0.079902,0.009577,1,Confused
0.297887,0.084715,0.006165,1,Confused
0.310112,0.096527,0.007653,1,Confused
0.310109,0.100493,0.009999,1,Confused
0.293457,0.108025,0.007763,1,Confused
0.306369,0.108901,0.008871,1,Confused
0.313948,0.108954,0.00838,1,Confused
0.288551,0.113045,0.005447,1,Confused
0.292888,0.114751,0.004699,1,Confused
0.299723,0.11633,0.003197,1,Confused
0.291339,0.118689,7.8e-05,1,Confused
0.294657,0.121919,0.004043,1,Confused
0.287762,0.112943,0.011264,1,Confused
0.287458,0.114649,0.006795,1,Confused
0.301585,0.121006,0.009658,1,Confused
0.304297,0.116334,0.011465,1,Confused
0.299728,0.122751,0.009944,1,Confused
0.30111,0.117166,0.012294,1,Confused
0.290695,0.113186,0.007125,1,Confused
0.289842,0.114751,0.011584,1,Confused
0.283262,0.114727,0.014746,1,Confused
0.283706,0.116577,0.007803,1,Confused
0.269997,0.098216,0.003975,1,Confused
0.281645,0.100717,0.001697,1,Confused
0.276686,0.074645,0.003889,1,Confused
0.274314,0.058721,0.007361,1,Confused
0.253818,0.046359,0.005608,1,Confused
0.267018,0.026478,0.002206,1,Confused
0.241333,0.020978,0.003273,1,Confused
0.248104,0.00834,0.002013,1,Confused
0.259602,0.009777,0.002357,1,Confused
0.236403,0.008711,0.008043,1,Confused
0.262784,0.002844,0.003993,1,Confused
0.267187,0.01491,0.005775,1,Confused
0.248627,0.029996,0.005182,1,Confused
0.26927,0.02604,0.004594,1,Confused
0.282123,0.023863,0.003428,1,Confused
0.284905,0.017263,0.004352,1,Confused
0.289606,0.007944,0.004289,1,Confused
0.301315,0.006058,0.004252,1,Confused
0.298089,0.02675,0.034624,1,Confused
0.292291,0.019749,0.00813,1,Confused
0.284909,0.033276,0.017949,1,Confused
0.283277,0.026301,0.024545,1,Confused
0.285402,0.031136,0.020786,1,Confused
0.273418,0.026646,0.01323,1,Confused
0.272905,0.026302,0.011435,1,Confused
0.265165,0.041433,0.012487,1,Confused
0.173388,0.03277,0.014957,1,Confused
0.212613,0.036802,0.023833,1,Confused
0.248808,0.036889,0.022764,1,Confused
0.273666,0.03137,0.00786,1,Confused
0.260666,0.030483,0.003394,1,Confused
0.252124,0.02118,0.002268,1,Confused
0.255476,0.040707,0.008085,1,Confused
0.257562,0.033591,0.009446,1,Confused
0.23905,0.036132,0.00239,1,Confused
0.255678,0.035013,0.002064,1,Confused
0.252778,0.0269,3.6e-05,1,Confused
0.270681,0.034142,0.000979,1,Confused
0.261217,0.034261,0.00664,1,Confused
0.264306,0.031433,0.007658,1,Confused
0.255756,0.026244,0.006895,1,Confused
0.279139,0.027743,0.007184,1,Confused
0.262819,0.028485,0.006602,1,Confused
0.247697,0.028034,0.005759,1,Confused
0.254784,0.039378,0.002769,1,Confused
0.231265,0.036795,0.006858,1,Confused
0.244258,0.034697,0.000503,1,Confused
0.25434,0.04083,0.003663,1,Confused
0.241317,0.047727,0.006443,1,Confused
0.238549,0.041634,0.003927,1,Confused
0.25076,0.040463,0.006101,1,Confused
0.262025,0.040851,0.003764,1,Confused
0.23991,0.048694,0.00379,1,Confused
0.233496,0.041592,0.005407,1,Confused
0.254659,0.03831,0.000341,1,Confused
0.259338,0.043643,0.001073,1,Confused
0.256401,0.044411,0.002449,1,Confused
0.256169,0.04029,0.006225,1,Confused
0.264088,0.043887,0.003975,1,Confused
0.242825,0.039221,0.004966,1,Confused
0.261956,0.039031,0.007889,1,Confused
0.248099,0.038866,0.004888,1,Confused
0.240982,0.036964,0.004899,1,Confused
0.236922,0.039245,0.005362,1,Confused
0.249558,0.04115,0.006658,1,Confused
0.251716,0.040367,0.00327,1,Confused
0.258452,0.045454,0.005951,1,Confused
0.264693,0.044043,0.004218,1,Confused
0.268684,0.049673,0.006272,1,Confused
0.262009,0.043184,0.009743,1,Confused
0.269595,0.05124,0.008924,1,Confused
0.241527,0.040771,0.007634,1,Confused
0.254708,0.045301,0.013229,1,Confused
0.261115,0.024714,0.008776,1,Confused
0.252883,0.037566,0.010314,1,Confused
0.266125,0.041668,0.012737,1,Confused
0.265438,0.046786,0.013594,1,Confused
0.275843,0.043875,0.009256,1,Confused
0.242341,0.028231,0.012457,1,Confused
0.248365,0.032067,0.01276,1,Confused
0.23759,0.025173,0.018631,1,Confused
0.259953,0.020384,0.019483,1,Confused
0.270695,0.014356,0.006835,1,Confused
0.274339,0.008697,0.023703,1,Confused
0.255547,0.000622,0.038438,1,Confused
0.217362,0.001566,0.039192,1,Confused
0.206031,0.004445,0.009196,1,Confused
0.187861,0.022396,0.015314,1,Confused
0.158732,0.02985,0.001355,1,Confused
0.144581,0.033993,0.015586,1,Confused
0.138972,0.040287,0.002514,1,Confused
0.124281,0.046925,0.008224,1,Confused
0.156473,0.05533,0.004842,1,Confused
0.160592,0.057237,0.007712,1,Confused
0.131609,0.056629,0.041604,1,Confused
0.147904,0.059835,0.015221,1,Confused
0.167074,0.040875,0.009412,1,Confused
0.247555,0.038985,0.034016,1,Confused
0.23726,0.026802,0.014383,1,Confused
0.244629,0.020186,0.037194,1,Confused
0.238274,0.018126,0.032758,1,Confused
0.197308,0.025775,0.035175,1,Confused
0.214241,0.022153,0.062841,1,Confused
0.179499,0.016845,0.101868,1,Confused
0.150816,0.011219,0.250847,1,Confused
0.254459,0.0022,0.159379,1,Confused
0.267318,0.006563,0.230083,1,Confused
0.266826,0.022444,0.253009,1,Confused
0.173738,0.020749,0.255611,1,Confused
0.239923,0.016125,0.267303,1,Confused
0.239397,0.016112,0.258883,1,Confused
0.239177,0.041137,0.178505,1,Confused
0.241949,0.055415,0.370047,1,Confused
0.227178,0.04296,0.220946,1,Confused
0.209198,0.041548,0.24146,1,Confused
0.192196,0.029262,0.210012,1,Confused
0.171038,0.026787,0.210683,1,Confused
0.171561,0.021417,0.096541,1,Confused
0.134811,0.014787,0.075211,1,Confused
0.165485,0.015121,0.008219,1,Confused
0.155158,0.013403,0.017556,1,Confused
0.189951,0.015507,0.034317,1,Confused
0.198578,0.003046,0.028691,1,Confused
0.207119,0.008994,0.03794,1,Confused
0.198167,0.005612,0.028361,1,Confused
0.19337,0.007468,0.038005,1,Confused
0.198919,0.004853,0.028118,1,Confused
0.21143,0.007627,0.037891,1,Confused
0.208041,0.003771,0.045012,1,Confused
0.209903,0.0061,0.02388,1,Confused
0.230454,0.00635,0.002991,1,Focused
0.262421,0.003531,0.010086,1,Focused
0.267409,0.005227,0.017025,1,Focused
0.274769,0.00913,0.00893,1,Focused
0.261008,0.01265,0.005437,1,Focused
0.276224,0.011422,0.009898,1,Focused
0.268317,0.006244,0.003698,1,Focused
0.281414,0.009626,0.024326,1,Focused
0.293346,0.018032,0.017839,1,Focused
0.282744,0.021516,0.016271,1,Focused
0.292185,0.024279,0.020829,1,Focused
0.289657,0.064912,0.017504,1,Focused
0.289869,0.062396,0.015499,1,Focused
0.298026,0.054572,0.007862,1,Focused
0.285471,0.046746,0.01091,1,Focused
0.297182,0.051799,0.011093,1,Focused
0.282864,0.054291,0.014874,1,Focused
0.296129,0.050105,0.012768,1,Focused
0.295181,0.056067,0.010658,1,Focused
0.297591,0.055609,0.013913,1,Focused
0.298956,0.060793,0.011678,1,Focused
0.289577,0.052088,0.012899,1,Focused
0.254445,0.053792,0.016409,1,Focused
0.078896,0.055404,0.011796,1,Focused
0.155676,0.058023,0.006034,1,Focused
0.268124,0.042874,0.013049,1,Focused
0.279913,0.052107,0.014882,1,Focused
0.269203,0.04429,0.014864,1,Focused
0.278895,0.035328,0.014299,1,Focused
0.269426,0.031862,0.005311,1,Focused
0.276593,0.027341,0.011471,1,Focused
0.275259,0.020719,0.009054,1,Focused
0.285486,0.020592,0.009832,1,Focused
0.285659,0.008172,0.015572,1,Focused
0.266059,0.007534,0.021134,1,Focused
0.277134,0.015541,0.019862,1,Focused
0.29229,0.019981,0.013364,1,Focused
0.283153,0.013906,0.019963,1,Focused
0.288187,0.015625,0.022106,1,Focused
0.301626,0.016419,0.049841,1,Focused
0.289014,0.022096,0.051262,1,Focused
0.299756,0.032968,0.013895,1,Focused
0.281953,0.03761,0.013376,1,Focused
0.292618,0.030442,0.01391,1,Focused
0.283375,0.026214,0.021454,1,Focused
0.282967,0.021577,0.034973,1,Focused
0.273082,0.026608,0.021189,1,Focused
0.273958,0.029113,0.074528,1,Focused
0.283531,0.031121,0.032358,1,Focused
0.279659,0.025735,0.037862,1,Focused
0.247837,0.028496,0.033561,1,Focused
0.262104,0.023005,0.043832,1,Focused
0.269899,0.019482,0.041826,1,Focused
0.262647,0.024892,0.018226,1,Focused
0.265885,0.022099,0.015609,1,Focused
0.259019,0.018686,0.011386,1,Focused
0.240581,0.02121,0.015014,1,Focused
0.232615,0.02858,0.022261,1,Focused
0.21971,0.02019,0.013475,1,Focused
0.243734,0.022204,0.027329,1,Focused
0.246219,0.028973,0.019709,1,Focused
0.111677,0.031988,0.008104,1,Focused
0.069612,0.02786,0.013722,1,Focused
0.071525,0.028659,0.01628,1,Focused
0.228056,0.024027,0.031831,1,Focused
0.237019,0.025492,0.027907,1,Focused
0.259708,0.01868,0.007902,1,Focused
0.271384,0.023971,0.011338,1,Focused
0.272322,0.02437,0.013583,1,Focused
0.270455,0.019667,0.01881,1,Focused
0.269863,0.024666,0.011536,1,Focused
0.278843,0.025155,0.034068,1,Focused
0.275122,0.023902,0.01153,1,Focused
0.277857,0.021321,0.017103,1,Focused
0.2676,0.022482,0.011817,1,Focused
0.283341,0.02041,0.014339,1,Focused
0.288234,0.020163,0.012591,1,Focused
0.266989,0.024437,0.012938,1,Focused
0.282387,0.020931,0.010906,1,Focused
0.285684,0.024786,0.013235,1,Focused
0.26945,0.021621,0.012262,1,Focused
0.280161,0.02442,0.011733,1,Focused
0.279181,0.020793,0.014444,1,Focused
0.117863,0.006848,0.004677,1,Focused
0.119433,0.001869,0.005036,1,Focused
0.093992,0.006165,0.003309,1,Focused
0.239162,0.010817,0.023812,1,Focused
0.255736,0.021855,0.010991,1,Focused
0.256368,0.020508,0.008941,1,Focused
0.253785,0.02168,0.006575,1,Focused
0.250602,0.028164,0.010978,1,Focused
0.26775,0.022183,0.013846,1,Focused
0.26925,0.01348,0.014455,1,Focused
0.241288,0.011739,0.024051,1,Focused
0.23746,0.031838,0.025287,1,Focused
0.104793,0.035202,0.020716,1,Focused
0.080707,0.043697,0.008687,1,Focused
0.090645,0.049164,0.008863,1,Focused
0.094615,0.044545,0.027577,1,Focused
0.097156,0.045682,0.026956,1,Focused
0.110436,0.037836,0.051275,1,Focused
0.1023,0.043365,0.037815,1,Focused
0.137662,0.05325,0.030125,1,Focused
0.178897,0.049928,0.015582,1,Focused
0.171367,0.044692,0.007771,1,Focused
0.167248,0.041356,0.009946,1,Focused
0.186185,0.051155,0.03053,1,Focused
0.189698,0.046399,0.037111,1,Focused
0.229956,0.036671,0.016178,1,Focused
0.238422,0.035673,0.012532,1,Focused
0.242677,0.032036,0.019381,1,Focused
0.253451,0.038443,0.012817,1,Focused
0.241328,0.024995,0.007492,1,Focused
0.23045,0.030859,0.009675,1,Focused
0.248786,0.02973,0.009712,1,Focused
0.234675,0.040004,0.004773,1,Focused
0.254057,0.032457,0.007005,1,Focused
0.259601,0.032112,0.007695,1,Focused
0.252992,0.043753,0.003788,1,Focused
0.242786,0.040277,0.004632,1,Focused
0.262883,0.038664,0.005281,1,Focused
0.254843,0.037192,0.007404,1,Focused
0.258358,0.039702,0.011946,1,Focused
0.249264,0.046437,0.006161,1,Focused
0.258038,0.033351,0.010032,1,Focused
0.238709,0.033218,0.00475,1,Focused
0.263803,0.029663,0.005696,1,Focused
0.269272,0.028514,0.004266,1,Focused
0.274876,0.022802,0.003409,1,Focused
0.237608,0.029388,0.003215,1,Focused
0.220321,0.043592,0.004911,1,Focused
0.240455,0.035432,0.006508,1,Focused
0.230161,0.034033,0.010952,1,Focused
0.24688,0.027515,0.042306,1,Focused
0.255585,0.030202,0.018527,1,Focused
0.274666,0.0273,0.027633,1,Focused
0.279459,0.01496,0.021121,1,Focused
0.272701,0.01368,0.022335,1,Focused
0.272201,0.007575,0.029694,1,Focused
0.280017,0.006714,0.024618,1,Focused
0.284141,0.009524,0.037825,1,Focused
0.288157,0.018026,0.009967,1,Focused
0.294344,0.018981,0.003754,1,Focused
0.25724,0.020338,0.010691,1,Focused
0.275749,0.016276,0.040202,1,Focused
0.305875,0.021559,0.021848,1,Focused
0.297535,0.015101,0.040876,1,Focused
0.093156,0.000676,0.028339,1,Focused
0.09138,0.002311,0.045539,1,Focused
0.173349,0.005732,0.044674,1,Focused
0.267219,0.004087,0.020767,1,Focused
0.263874,0.020033,0.015382,1,Focused
0.273581,0.014579,0.013066,1,Focused
0.287643,0.010262,0.014817,1,Focused
0.266571,0.014364,0.010576,1,Focused
0.272728,0.014424,0.019342,1,Focused
0.278392,0.015807,0.022072,1,Focused
0.275763,0.014931,0.01217,1,Focused
0.288056,0.018754,0.014604,1,Focused
0.278422,0.019051,0.006562,1,Focused
0.276796,0.020528,0.016521,1,Focused
0.277941,0.012532,0.013392,1,Focused
0.279728,0.018122,0.038948,1,Focused
0.28838,0.015457,0.012661,1,Focused
0.284202,0.004506,0.029765,1,Focused
0.282335,0.007022,0.008926,1,Focused
0.282665,0.02092,0.005911,1,Focused
0.321814,0.015427,0.013462,1,Focused
0.315659,0.005529,0.008628,1,Focused
0.328423,0.007538,0.009716,1,Focused
0.33205,0.010456,0.013634,1,Focused
0.338382,0.011127,0.03342,1,Focused
0.324963,0.009685,0.083845,1,Focused
0.339395,0.01968,0.108396,1,Focused
0.329092,0.009662,0.043521,1,Focused
0.338482,0.005376,0.04643,1,Focused
0.351154,0.015083,0.055836,1,Focused
0.219217,0.029185,0.018914,1,Focused
0.070974,0.017536,0.011021,1,Focused
0.05038,0.019193,0.002607,1,Focused
0.176725,0.002155,0.034948,1,Focused
0.129392,0.008601,0.184904,1,Focused
0.133352,0.01763,0.201158,1,Focused
0.119077,0.009709,0.226898,1,Focused
0.135204,0.001399,0.220506,1,Focused
0.050782,0.000447,0.215,1,Focused
0.026223,0.00011,0.202738,1,Focused
0.024821,0.004619,0.198731,1,Focused
0.053009,0.006395,0.184847,1,Focused
0.104655,0.011388,0.19213,1,Focused
0.084663,0.008998,0.203163,1,Focused
0.172202,0.002491,0.181877,1,Focused
0.152877,0.001297,0.179228,1,Focused
0.158001,8.3e-05,0.176147,1,Focused
0.172925,0.005305,0.174035,1,Focused
0.15626,0.001265,0.170662,1,Focused
0.199932,0.001887,0.169832,1,Focused
0.193364,0.001624,0.187643,1,Focused
0.145275,0.002113,0.184587,1,Focused
0.158099,0.003197,0.179478,1,Focused
0.191561,0.000715,0.184666,1,Focused
0.209944,0.00182,0.194643,1,Focused
0.21118,0.006188,0.204482,1,Focused
0.20332,0.00077,0.198381,1,Focused
0.197289,0.008182,0.203887,1,Focused
0.208354,0.004927,0.198692,1,Focused
0.211328,0.000983,0.194597,1,Focused
0.226154,0.003329,0.205589,1,Focused
0.201324,0.002756,0.199049,1,Focused
0.204825,0.0042,0.195622,1,Focused
0.229848,0.003174,0.19775,1,Focused
0.19255,0.005857,0.204284,1,Focused
0.154168,0.010793,0.200232,1,Focused
0.118482,0.00015,0.196826,1,Focused
0.068088,0.001107,0.219707,1,Focused
0.088468,0.003318,0.220049,1,Focused
0.05689,0.017447,0.23342,1,Focused
0.091182,0.020745,0.248189,1,Focused
0.088619,0.036854,0.242357,1,Focused
0.141878,0.031383,0.20084,1,Focused
0.149344,0.017708,0.238491,1,Focused
0.146281,0.023098,0.216384,1,Focused
0.161582,0.021619,0.203068,1,Focused
0.118559,0.029314,0.212106,1,Focused
0.175028,0.048164,0.172014,1,Focused
0.148152,0.039198,0.177816,1,Focused
0.131247,0.035569,0.180267,1,Focused
0.156184,0.034756,0.198486,1,Focused
0.139567,0.033903,0.19339,1,Focused
0.142324,0.035256,0.188772,1,Focused
0.149635,0.03372,0.209686,1,Focused
0.154622,0.027699,0.18581,1,Focused
0.161767,0.039021,0.178853,1,Focused
0.161307,0.044082,0.195761,1,Focused
0.060013,0.039505,0.190931,1,Focused
0.056043,0.045139,0.191136,1,Focused
0.101377,0.034861,0.206561,1,Focused
0.17594,0.03833,0.185603,1,Focused
0.178206,0.032621,0.185658,1,Focused
0.149283,0.035716,0.194933,1,Focused
0.125977,0.043407,0.199614,1,Focused
0.106244,0.042296,0.188038,1,Focused
0.077083,0.043356,0.250702,1,Focused
0.056385,0.04589,0.229085,1,Focused
0.094358,0.052783,0.189472,1,Focused
0.092007,0.039113,0.197683,1,Focused
0.040879,0.044941,0.203552,1,Focused
0.074615,0.041076,0.216091,1,Focused
0.07987,0.041891,0.197656,1,Focused
0.076871,0.036153,0.206024,1,Focused
0.058855,0.043825,0.215958,1,Focused
0.117252,0.04587,0.212608,1,Focused
0.168317,0.04843,0.216093,1,Focused
0.172978,0.032366,0.206845,1,Focused
0.135726,0.031091,0.207486,1,Focused
0.10599,0.027372,0.205292,1,Focused
0.083207,0.02256,0.199839,1,Focused
0.104817,0.010486,0.179907,1,Focused
0.11154,0.037373,0.193941,1,Focused
0.143445,0.049921,0.17211,1,Focused
0.163652,0.059999,0.168265,1,Focused
0.175797,0.062266,0.193891,1,Focused
0.201376,0.057316,0.213974,1,Focused
0.191793,0.050611,0.168285,1,Focused
0.194315,0.039381,0.174813,1,Focused
0.189541,0.041525,0.175672,1,Focused
0.212015,0.037373,0.166628,1,Focused
0.200626,0.031624,0.176037,1,Focused
0.17141,0.041386,0.160754,1,Focused
0.221779,0.034148,0.170007,1,Focused
0.194815,0.036744,0.186446,1,Focused
0.179957,0.03334,0.192947,1,Focused
0.198875,0.030277,0.185851,1,Focused
0.198199,0.04114,0.181683,1,Focused
0.172565,0.03633,0.189519,1,Focused
0.205509,0.034926,0.175271,1,Focused
0.179391,0.047875,0.169217,1,Focused
0.204084,0.042813,0.179135,1,Focused
0.210409,0.038982,0.155142,1,Focused
0.183422,0.051884,0.00559,1,Focused
0.224237,0.041145,0.009118,1,Focused
0.218156,0.047711,0.009769,1,Focused
0.219761,0.037361,0.01759,1,Focused
0.1745,0.049558,0.002562,1,Focused
0.201335,0.055656,0.008141,1,Focused
0.226538,0.050383,0.004818,1,Focused
0.226825,0.042275,0.0033,1,Focused
0.19833,0.054729,0.008626,1,Focused
0.209469,0.059659,0.009022,1,Focused
0.23592,0.046218,0.024582,1,Focused
0.206352,0.055834,0.023276,1,Focused
0.218038,0.053774,0.035237,1,Focused
0.220026,0.045068,0.019109,1,Focused
0.239565,0.047159,0.004316,1,Focused
0.248732,0.047457,0.022319,1,Focused
0.274798,0.049304,0.005863,1,Focused
0.282287,0.047127,0.017991,1,Focused
0.311289,0.055316,0.007372,1,Focused
0.306681,0.055259,0.006422,1,Focused
0.302851,0.062045,0.027737,1,Focused
0.293485,0.052138,0.021716,1,Focused
0.30099,0.056509,0.025965,1,Focused
0.303388,0.045754,0.024513,1,Focused
0.282057,0.04911,0.017092,1,Focused
0.291904,0.057755,0.033239,1,Focused
0.243397,0.048714,0.023883,1,Focused
0.253334,0.040719,0.04572,1,Focused
0.260146,0.048153,0.010479,1,Focused
0.279975,0.050013,0.031,1,Focused
0.264126,0.043427,0.03894,1,Focused
0.290573,0.046782,0.008254,1,Focused
0.295977,0.041884,0.009265,1,Focused
0.307378,0.049623,0.009074,1,Focused
0.319132,0.051956,0.010458,1,Focused
0.328211,0.044549,0.003901,1,Focused
0.296475,0.048001,0.030079,1,Focused
0.319383,0.048217,0.011378,1,Focused
0.315385,0.045904,0.03682,1,Focused
0.309901,0.032695,0.016667,1,Focused
0.312374,0.041976,0.016885,1,Focused
0.286753,0.040938,0.010821,1,Focused
0.282863,0.043473,0.007085,1,Focused
0.280922,0.049726,0.000405,1,Focused
0.296699,0.045397,0.001055,1,Focused
0.276924,0.046707,0.002593,1,Focused
0.272366,0.050975,0.019304,1,Focused
0.280473,0.046943,0.001239,1,Focused
0.268582,0.052793,0.004489,1,Focused
0.277857,0.05464,0.002603,1,Focused
0.290673,0.044229,0.003211,1,Focused
0.28125,0.056325,0.00305,1,Focused
0.263044,0.052869,0.002495,1,Focused
0.269823,0.047377,0.015538,1,Focused
0.268841,0.046593,0.003717,1,Focused
0.283717,0.053129,0.010921,1,Focused
0.262255,0.040034,0.009052,1,Focused
0.264084,0.037773,0.015052,1,Focused
0.260113,0.045227,0.005059,1,Focused
0.266522,0.045786,0.00601,1,Focused
0.283235,0.04414,0.009784,1,Focused
0.265892,0.05054,0.040508,1,Focused
0.242112,0.038481,0.005133,1,Focused
0.243019,0.037409,0.007728,1,Focused
0.252382,0.037339,0.016264,1,Focused
0.269903,0.040349,0.00775,1,Focused
0.255666,0.038936,0.003726,1,Focused
0.266273,0.042507,0.008449,1,Focused
0.138493,0.06043,0.00945,1,Frustrated
0.189363,0.143864,0.005818,1,Frustrated
0.093646,0.165154,0.011075,1,Frustrated
0.082132,0.142549,0.008114,1,Frustrated
0.08925,0.114304,0.011354,1,Frustrated
0.075172,0.096499,0.007755,1,Frustrated
0.073017,0.123503,0.005169,1,Frustrated
0.091806,0.136806,0.005302,1,Frustrated
0.137912,0.131522,0.001032,1,Frustrated
0.156381,0.104499,0.000559,1,Frustrated
0.169962,0.103012,0.001714,1,Frustrated
0.163937,0.095631,0.002831,1,Frustrated
0.211281,0.088738,0.001137,1,Frustrated
0.215962,0.077374,0.000416,1,Frustrated
0.265547,0.047039,0.000382,1,Frustrated
0.237406,0.024185,0.010185,1,Frustrated
0.250423,0.082987,0.00716,1,Frustrated
0.167255,0.22769,0.006767,1,Frustrated
0.221929,0.181171,0.001895,1,Frustrated
0.266286,0.015226,0.024806,1,Frustrated
0.25984,0.021783,0.048482,1,Frustrated
0.241485,0.022397,0.062589,1,Frustrated
0.250913,0.028087,0.092766,1,Frustrated
0.254439,0.023457,0.100657,1,Frustrated
0.251432,0.017671,0.035001,1,Frustrated
0.251561,0.016784,0.038296,1,Frustrated
0.277001,0.015808,0.015728,1,Frustrated
0.280734,0.018227,0.016333,1,Frustrated
0.280258,0.020116,0.007654,1,Frustrated
0.291898,0.01799,0.008696,1,Frustrated
0.290416,0.020437,0.005761,1,Frustrated
0.293805,0.017659,0.002333,1,Frustrated
0.295497,0.015454,0.004679,1,Frustrated
0.314071,0.013907,0.003087,1,Frustrated
0.277158,0.011837,0.042955,1,Frustrated
0.197117,0.022157,0.220674,1,Frustrated
0.027269,0.031522,0.267404,1,Frustrated
0.110501,0.031515,0.285959,1,Frustrated
0.199287,0.01582,0.297038,1,Frustrated
0.221431,0.00872,0.320829,1,Frustrated
0.206309,0.003265,0.330878,1,Frustrated
0.173882,0.004834,0.319652,1,Frustrated
0.102625,0.007445,0.321087,1,Frustrated
0.153984,0.002648,0.311068,1,Frustrated
0.127518,0.001248,0.296681,1,Frustrated
0.127078,0.002774,0.283054,1,Frustrated
0.144991,0.00656,0.271363,1,Frustrated
0.13567,0.005911,0.25851,1,Frustrated
0.109823,0.002608,0.269956,1,Frustrated
0.138428,2.3e-05,0.27143,1,Frustrated
0.150209,0.001126,0.269315,1,Frustrated
0.148905,0.007257,0.2586,1,Frustrated
0.12191,0.004004,0.25698,1,Frustrated
0.131405,0.004044,0.235265,1,Frustrated
0.143928,0.003333,0.2244,1,Frustrated
0.071062,0.004465,0.211367,1,Frustrated
0.047497,0.000547,0.062882,1,Frustrated
0.064638,0.003556,0.026965,1,Frustrated
0.127367,0.004151,0.016995,1,Frustrated
0.176555,0.007478,0.008918,1,Frustrated
0.196989,0.004504,0.005765,1,Frustrated
0.161556,0.001083,0.009509,1,Frustrated
0.162908,0.000416,0.009777,1,Frustrated
0.200764,0.010952,0.00316,1,Frustrated
0.245088,0.02293,0.006022,1,Frustrated
0.248466,0.034913,0.007278,1,Frustrated
0.247224,0.033103,0.014697,1,Frustrated
0.251299,0.035644,0.006058,1,Frustrated
0.243318,0.037374,0.006681,1,Frustrated
0.254155,0.03096,0.005011,1,Frustrated
0.237875,0.037096,0.002971,1,Frustrated
0.227377,0.03877,0.007533,1,Frustrated
0.185618,0.037281,0.001932,1,Frustrated
0.212946,0.035179,0.00462,1,Frustrated
0.173627,0.038555,0.001983,1,Frustrated
0.224797,0.034183,0.006142,1,Frustrated
0.194282,0.039145,0.003457,1,Frustrated
0.223538,0.040807,0.005089,1,Frustrated
0.232088,0.042113,0.003535,1,Frustrated
0.232369,0.041071,0.005441,1,Frustrated
0.233993,0.044684,0.004166,1,Frustrated
0.230259,0.036678,0.002404,1,Frustrated
0.195486,0.041706,0.00105,1,Frustrated
0.22714,0.048891,0.002305,1,Frustrated
0.234838,0.037937,0.003907,1,Frustrated
0.234391,0.046592,0.000441,1,Frustrated
0.227457,0.040003,0.002339,1,Frustrated
0.213721,0.03964,0.002414,1,Frustrated
0.235683,0.040854,0.002206,1,Frustrated
0.239813,0.039033,0.001703,1,Frustrated
0.209983,0.033811,0.000937,1,Frustrated
0.230621,0.042494,0.001429,1,Frustrated
0.231835,0.036425,0.005527,1,Frustrated
0.255676,0.040061,0.00162,1,Frustrated
0.260739,0.03387,0.003853,1,Frustrated
0.257676,0.030856,0.013427,1,Frustrated
0.243689,0.034694,0.007005,1,Frustrated
0.266103,0.049035,0.241097,1,Frustrated
0.262584,0.038494,0.235698,1,Frustrated
0.264765,0.048266,0.165128,1,Frustrated
0.273518,0.049812,0.161307,1,Frustrated
0.259557,0.040902,0.187314,1,Frustrated
0.270748,0.039301,0.134019,1,Frustrated
0.241266,0.039014,0.156256,1,Frustrated
0.223903,0.035413,0.162323,1,Frustrated
0.228722,0.027713,0.161408,1,Frustrated
0.232967,0.030197,0.166491,1,Frustrated
0.226959,0.035648,0.168784,1,Frustrated
0.241347,0.034846,0.182127,1,Frustrated
0.239313,0.035559,0.114868,1,Frustrated
0.286512,0.689531,0.048664,1,Frustrated
0.246304,0.356052,0.043847,1,Frustrated
0.213142,0.020421,0.014351,1,Frustrated
0.203054,0.016042,0.022694,1,Frustrated
0.214352,0.012229,0.084088,1,Frustrated
0.220638,0.015038,0.072114,1,Frustrated
0.217666,0.021913,0.098324,1,Frustrated
0.232594,0.017769,0.111376,1,Frustrated
0.226496,0.019276,0.109459,1,Frustrated
0.222453,0.019954,0.104541,1,Frustrated
0.228006,0.011353,0.099626,1,Frustrated
0.212173,0.014795,0.114411,1,Frustrated
0.199867,0.014147,0.156183,1,Frustrated
0.232829,0.023983,0.133478,1,Frustrated
0.202476,0.014743,0.113092,1,Frustrated
0.209499,0.012539,0.114367,1,Frustrated
0.209087,0.021196,0.176036,1,Frustrated
0.222006,0.022452,0.11522,1,Frustrated
0.219438,0.00673,0.135368,1,Frustrated
0.225207,0.01468,0.134934,1,Frustrated
0.21481,0.022376,0.115946,1,Frustrated
0.225537,0.023369,0.185593,1,Frustrated
0.216395,0.023384,0.205952,1,Frustrated
0.176451,0.014235,0.170371,1,Frustrated
0.179782,0.010939,0.176711,1,Frustrated
0.203003,0.012378,0.192823,1,Frustrated
0.225473,0.019399,0.172345,1,Frustrated
0.215386,0.021449,0.128818,1,Frustrated
0.232552,0.010953,0.168315,1,Frustrated
0.213606,0.016323,0.192506,1,Frustrated
0.194679,0.015094,0.150278,1,Frustrated
0.203237,0.005919,0.177954,1,Frustrated
0.184468,0.003536,0.120563,1,Frustrated
0.208397,0.006404,0.028219,1,Frustrated
0.175144,0.001417,0.00909,1,Frustrated
0.205966,0.004039,0.007952,1,Frustrated
0.162057,0.008279,0.013115,1,Frustrated
0.160457,0.009817,0.010879,1,Frustrated
0.190907,0.005241,0.012051,1,Frustrated
0.234078,0.005245,0.024209,1,Frustrated
0.250178,0.002214,0.016815,1,Frustrated
0.237611,0.003346,0.032763,1,Frustrated
0.235919,0.005085,0.039776,1,Frustrated
0.235023,0.001252,0.084845,1,Frustrated
0.226602,0.00346,0.045216,1,Frustrated
0.225791,0.013513,0.051001,1,Frustrated
0.229347,0.010674,0.045937,1,Frustrated
0.23414,0.02141,0.043387,1,Frustrated
0.242832,0.027118,0.026288,1,Frustrated
0.240583,0.02768,0.041417,1,Frustrated
0.216129,0.035285,0.01031,1,Frustrated
0.21606,0.030961,0.026797,1,Frustrated
0.232676,0.022449,0.053451,1,Frustrated
0.210551,0.01917,0.027204,1,Frustrated
0.207305,0.02324,0.046811,1,Frustrated
0.200446,0.017399,0.083105,1,Frustrated
0.204383,0.025928,0.025475,1,Frustrated
0.194859,0.023624,0.010755,1,Frustrated
0.208466,0.020293,0.024197,1,Frustrated
0.195875,0.025516,0.018198,1,Frustrated
0.196925,0.029399,0.020731,1,Frustrated
0.200792,0.01333,0.018231,1,Frustrated
0.218572,0.017742,0.024398,1,Frustrated
0.202263,0.016952,0.020211,1,Frustrated
0.198976,0.031492,0.024169,1,Frustrated
0.182835,0.028103,0.047925,1,Frustrated
0.189891,0.027127,0.070239,1,Frustrated
0.170352,0.034672,0.058823,1,Frustrated
0.178256,0.024933,0.052854,1,Frustrated
0.183195,0.03829,0.035025,1,Frustrated
0.159924,0.034718,0.018709,1,Frustrated
0.206655,0.028032,0.026029,1,Frustrated
0.209278,0.023846,0.043247,1,Frustrated
0.222656,0.023499,0.026507,1,Frustrated
0.205454,0.032122,0.037001,1,Frustrated
0.181459,0.013324,0.009481,1,Frustrated
0.216694,0.006246,0.001362,1,Frustrated
0.256491,0.010759,0.007487,1,Frustrated
0.249288,0.005146,0.041919,1,Frustrated
0.252228,0.000391,0.011946,1,Frustrated
0.214081,0.000972,0.002569,1,Frustrated
0.232167,0.002508,0.018665,1,Frustrated
0.22352,0.001462,0.018168,1,Frustrated
0.223479,0.004135,0.01153,1,Frustrated
0.239308,0.001485,0.014344,1,Frustrated
0.214632,0.00132,0.020876,1,Frustrated
0.220328,0.008255,0.023029,1,Frustrated
0.21058,0.017943,0.005225,1,Frustrated
0.226841,0.012999,0.010974,1,Frustrated
0.229593,0.005209,0.003945,1,Frustrated
0.165152,0.014072,0.024006,1,Frustrated
0.130564,0.028358,0.026535,1,Frustrated
0.187036,0.03732,0.040186,1,Frustrated
0.208229,0.053941,0.103416,1,Frustrated
0.148856,0.043038,0.099428,1,Frustrated
0.134963,0.025115,0.192905,1,Frustrated
0.140943,0.014894,0.203325,1,Frustrated
0.200068,0.015013,0.207095,1,Frustrated
0.227188,0.008851,0.216524,1,Frustrated
0.220311,0.012502,0.12694,1,Frustrated
0.209407,0.03216,0.008414,1,Frustrated
0.258851,0.054203,0.00919,1,Frustrated
0.276906,0.084681,0.000557,1,Frustrated
0.27375,0.083969,0.010399,1,Frustrated
0.285303,0.088169,0.003817,1,Frustrated
0.273469,0.091721,0.009513,1,Frustrated
0.268044,0.11603,0.009126,1,Frustrated
0.268802,0.117664,0.006525,1,Frustrated
0.259041,0.130573,0.012988,1,Frustrated
0.26091,0.13048,0.015417,1,Frustrated
0.278631,0.147678,0.0141,1,Frustrated
0.252472,0.135204,0.014808,1,Frustrated
0.260865,0.131682,0.012976,1,Frustrated
0.266233,0.11861,0.006663,1,Frustrated
0.235218,0.113835,0.000441,1,Frustrated
0.24385,0.101456,0.003807,1,Frustrated
0.247221,0.110067,0.006285,1,Frustrated
0.247624,0.097057,0.009264,1,Frustrated
0.232097,0.100225,0.005088,1,Frustrated
0.220569,0.101886,0.005309,1,Frustrated
0.244467,0.099003,0.015695,1,Frustrated
0.243329,0.097873,0.020251,1,Frustrated
0.224926,0.085933,0.015124,1,Frustrated
0.151079,0.097092,0.010554,1,Frustrated
0.166464,0.081173,0.013114,1,Frustrated
0.178378,0.072957,0.011619,1,Frustrated
0.182726,0.066904,0.007256,1,Frustrated
0.163617,0.049879,0.00348,1,Frustrated
0.16799,0.046226,0.006914,1,Frustrated
0.15635,0.031188,0.00332,1,Frustrated
0.170015,0.033211,0.000662,1,Frustrated
0.167661,0.020047,0.001646,1,Frustrated
0.199057,0.021386,0.004589,1,Frustrated
0.19176,0.01728,1.5e-05,1,Frustrated
0.185866,0.020163,0.004147,1,Frustrated
0.198571,0.011358,0.004384,1,Frustrated
0.068987,0.008251,0.007064,1,Frustrated
0.055379,0.000816,0.006666,1,Frustrated
0.100645,0.004555,0.003494,1,Frustrated
0.129156,0.005656,0.013255,1,Frustrated
0.162375,0.00016,0.02855,1,Frustrated
0.165577,0.00447,0.006185,1,Frustrated
0.158961,0.003622,0.010441,1,Frustrated
0.193226,0.002469,0.0254,1,Frustrated
0.208929,0.005412,0.019754,1,Frustrated
0.215154,0.010779,0.070679,1,Frustrated
0.236225,0.010821,0.071753,1,Frustrated
0.202323,0.017235,0.259358,1,Frustrated
0.219039,0.015946,0.297967,1,Frustrated
0.222179,0.019259,0.25855,1,Frustrated
0.250138,0.005353,0.254714,1,Frustrated
0.243407,0.014989,0.260962,1,Frustrated
0.252602,0.009754,0.262663,1,Frustrated
0.267634,0.011905,0.2619,1,Frustrated
0.257247,0.013977,0.235934,1,Frustrated
0.244973,0.019708,0.249212,1,Frustrated
0.233643,0.020341,0.232533,1,Frustrated
0.253659,0.021859,0.244385,1,Frustrated
0.24949,0.02468,0.235851,1,Frustrated
0.261154,0.022559,0.248073,1,Frustrated
0.257953,0.014618,0.180707,1,Frustrated
0.255431,0.022763,0.037728,1,Frustrated
0.250111,0.018776,0.047067,1,Frustrated
0.247381,0.023625,0.049437,1,Frustrated
0.23484,0.030441,0.069105,1,Frustrated
0.224234,0.030749,0.037361,1,Frustrated
0.254934,0.023776,0.036881,1,Frustrated
0.251451,0.023948,0.032426,1,Frustrated
0.231418,0.024027,0.032126,1,Frustrated
0.247609,0.018913,0.002898,1,Frustrated
0.234853,0.041479,0.012529,1,Frustrated
0.245161,0.020971,0.006406,1,Frustrated
0.22715,0.01089,0.005028,1,Frustrated
0.222272,0.018913,0.006932,1,Frustrated
0.234748,0.025429,0.002819,1,Frustrated
0.234815,0.034469,0.005253,1,Frustrated
0.235014,0.021425,0.009629,1,Frustrated
0.223472,0.025167,0.004865,1,Frustrated
0.20943,0.028412,0.007834,1,Frustrated
0.242103,0.023247,0.003054,1,Frustrated
0.236267,0.016621,0.004431,1,Frustrated
0.240562,0.021904,0.001827,1,Frustrated
0.237841,0.015258,0.004578,1,Frustrated
0.238909,0.024226,0.004065,1,Frustrated
0.228434,0.017993,0.002539,1,Frustrated
0.214347,0.018008,0.002466,1,Frustrated
0.205299,0.023739,0.003354,1,Frustrated
0.213064,0.018044,0.00184,1,Frustrated
0.220712,0.008665,0.004914,1,Frustrated
0.215423,0.019761,0.003699,1,Frustrated
0.222809,0.017071,0.008182,1,Frustrated
0.20643,0.018929,0.006478,1,Frustrated
0.224551,0.019881,0.031153,1,Frustrated
0.102575,0.027244,0.008807,1,Frustrated
0.155691,0.014802,0.00755,1,Frustrated
0.217368,0.007029,0.004987,1,Frustrated
0.205066,0.000501,0.010815,1,Frustrated
0.217955,0.003951,0.001514,1,Frustrated
0.131559,0.021505,0.004599,1,Frustrated
0.113389,0.012762,0.008187,1,Frustrated
0.106034,0.002834,0.007753,1,Frustrated
0.213529,0.003752,0.001536,1,Frustrated
0.219787,0.004993,0.006159,1,Frustrated
0.217573,0.011083,0.009638,1,Frustrated
0.213672,0.008051,0.005073,1,Frustrated
0.217799,9.9e-05,0.00946,1,Frustrated
0.224134,0.007643,0.00692,1,Frustrated
0.233899,0.004734,0.006043,1,Frustrated
0.230464,0.001041,0.008365,1,Frustrated
0.254895,0.00437,0.00735,1,Frustrated
0.236261,0.004596,0.00606,1,Frustrated
0.239154,0.003908,0.006528,1,Frustrated
0.232766,0.008427,0.006602,1,Frustrated
0.242133,0.00725,0.006179,1,Frustrated
0.224472,0.0016,0.009042,1,Frustrated
0.230935,0.003088,0.009022,1,Frustrated
0.245413,0.006297,0.004548,1,Frustrated
0.240259,0.001748,0.015257,1,Frustrated
0.253913,0.001981,0.026733,1,Frustrated
0.253483,0.002392,0.038808,1,Frustrated
0.244935,0.003597,0.039157,1,Frustrated
0.236348,0.012499,0.010377,1,Frustrated
0.238207,0.011708,0.253451,1,Frustrated
0.213671,0.023286,0.255486,1,Frustrated
0.103976,0.02336,0.235249,1,Frustrated
0.196104,0.013711,0.217988,1,Frustrated
0.209436,0.026684,0.132011,1,Frustrated
0.192645,0.010722,0.154795,1,Frustrated
0.349485,0.10815,0.004196,1,Frustrated
0.300466,0.019518,0.000574,1,Frustrated
0.314997,0.093449,0.000727,1,Frustrated
0.387647,0.169652,0.002658,1,Frustrated
0.34528,0.149986,0.013522,1,Frustrated
